county_fips,state,county_name,total_population,total_votes,dem_margin,vol_z_abs_sum,misfit_score,p_dem,volatility_class,margin_closeness,norm_volatility,norm_misfit,norm_votes,norm_closeness,priority_score
42017,PA,Bucks County,647461,802056.0,-0.0725635117747458,1.2047162274628411,0.7947376853083551,0.7947376853083551,Highly Volatile,0.9992743648822525,0.3462625023182698,0.831029711257356,0.5553743883003266,1.0,0.6504797755849017
42069,PA,Lackawanna County,216146,233180.0,2.7866883952311454,2.3195526171985392,0.7841286947269047,0.2158713052730952,Highly Volatile,0.9721331160476885,0.4530670314187748,0.8199362248158432,0.16066999197236329,0.9625810986258272,0.5735878833478495
37025,NC,Cabarrus County,236133,120202.0,-7.697043310427453,2.6191988685880445,0.8656092016185843,0.8656092016185843,Highly Volatile,0.9230295668957254,0.48177400319601915,0.9051378178902018,0.08228223561009691,0.8948833713016799,0.5703638885942164
26089,MI,Leelanau County,22734,17685.0,7.752332485156913,2.2566126428413016,0.956328381909162,0.0436716180908381,Highly Volatile,0.9224766751484309,0.4470372010466102,0.9999999999999999,0.011152656231895321,0.8941211144914385,0.5657235472702447
37165,NC,Scotland County,33590,14626.0,-6.926022152331463,3.995190220732571,0.7387375501413226,0.7387375501413226,Highly Volatile,0.9307397784766854,0.613597928002604,0.7724721382791521,0.009030224017551176,0.9055132302473943,0.5605576150244359
26103,MI,Marquette County,67112,39009.0,8.733881924684049,1.5882207570089657,0.9557677072328888,0.0442322927671111,Highly Volatile,0.9126611807531595,0.38300333807067577,0.9994137201959428,0.025947930680628416,0.8805887594051216,0.5473591660213699
26049,MI,Genesee County,403305,223268.0,4.195406417399717,0.0905917255964445,0.8227532667950952,0.1772467332049047,Volatile,0.958045935826003,0.23952617412092259,0.8603247201451629,0.15379272877897354,0.9431594865044219,0.5140191117681953
42089,PA,Monroe County,167515,171050.0,-0.782227418883366,3.40617783019821,0.3745244550107267,0.3745244550107267,Highly Volatile,0.9921777258111664,0.5571688487362738,0.39162600578119067,0.11756220724624307,0.9902160567810387,0.4924909192339483
26073,MI,Isabella County,64565,30835.0,-7.48824387870927,0.4333665938889123,0.8648955485220367,0.8648955485220367,Volatile,0.9251175612129073,0.2723649913074911,0.904391573382799,0.020276547575022324,0.8977620322616342,0.4924289340840295
26055,MI,Grand Traverse County,96166,62772.0,-1.7268845982285086,2.0990717861751764,0.567214633272277,0.567214633272277,Highly Volatile,0.9827311540177149,0.43194433435762036,0.5931160404405441,0.04243546147809815,0.9771923252490893,0.4839096408367646
42041,PA,Cumberland County,268323,296792.0,-9.442303027035775,1.186614211439541,0.5866371632017074,0.5866371632017074,Volatile,0.9055769697296422,0.3445282771755144,0.6134255666652867,0.2048060357836937,0.870821950397231,0.48208077384434556
37127,NC,Nash County,96216,52471.0,-1.7590669131520258,-1.3772423322200362,0.9459140620773904,0.9459140620773904,Very Stable,0.9824093308684797,0.09890345424366825,0.9891100746141351,0.035288297620641784,0.9767486364286313,0.48112035661752106
37107,NC,Lenoir County,54919,27503.0,-6.777442460822456,-0.8058785937231432,0.9353901889671338,0.9353901889671338,Stable,0.9322255753917754,0.15364174193961633,0.9781055928244197,0.017964699213402612,0.9075616580322279,0.476622427197786
42095,PA,Northampton County,318580,356430.0,-1.7742614258059035,0.6161782971627457,0.4570764361567464,0.4570764361567464,Volatile,0.982257385741941,0.289878877705523,0.4779480056484193,0.24618479106288824,0.9765391538164312,0.46330469325277
42049,PA,Erie County,269052,275190.0,-1.0247465387550392,-0.4101111923542104,0.596116034183341,0.596116034183341,Moderate,0.9897525346124496,0.19155739604430572,0.6233373227280605,0.18981787602747852,0.9868725116541568,0.4581305208330078
37139,NC,Pasquotank County,40834,20343.0,-4.856707466941941,0.9738941732655104,0.6504469069480108,0.6504469069480108,Volatile,0.9514329253305805,0.3241490863663544,0.680149400723894,0.01299686179767719,0.9340423088453214,0.45733975330936344
37191,NC,Wayne County,118652,54762.0,-16.365362842847226,-0.0682210097640392,0.8476850252424047,0.8476850252424047,Moderate,0.8363463715715278,0.22431145779886133,0.8863950726612538,0.03687786682726566,0.7753756081768077,0.45318679384714977
26145,MI,Saginaw County,188665,103846.0,-3.271190031392635,-0.1526585025471176,0.684449350037174,0.684449350037174,Moderate,0.9672880996860737,0.21622210339838108,0.7157046817369132,0.07093391874255431,0.9559014063796607,0.4527065624153134
26099,MI,Macomb County,879853,509152.0,-13.686089812079691,1.7302874929860663,0.3047549314423056,0.3047549314423056,Highly Volatile,0.8631391018792032,0.3966137395399687,0.31867021815985097,0.35214820807467856,0.8123140165396157,0.44915153172854616
37093,NC,Hoke County,53835,22767.0,5.925242675802693,-0.0307733076044454,0.7150086558219304,0.2849913441780696,Moderate,0.9407475732419731,0.22789905525430462,0.7476595827977163,0.014678710665794287,0.9193107046222051,0.44281643086661004
37015,NC,Bertie County,17170,9186.0,15.665142608316998,1.8048067432407575,0.6138167212714651,0.3861832787285348,Highly Volatile,0.84334857391683,0.40375289781077284,0.6418463722658083,0.005255777712865936,0.7850293540511386,0.4399072776481281
37155,NC,Robeson County,116902,46770.0,-27.622407526192013,8.028493813378939,0.020744080604116,0.020744080604116,Highly Volatile,0.72377592473808,1.0,0.021689039901020384,0.03133276115317661,0.6201777956744193,0.43729100939843313
42003,PA,Allegheny County,1238177,1441008.0,20.30814540932458,-0.9246999875189305,0.0012043179565918,0.9987956820434082,Stable,0.7969185459067541,0.14225831103597192,0.0012569271249287736,0.9986997587545993,0.7210175375905565,0.4368701722987849
26125,MI,Oakland County,1279825,772145.0,10.584540468435328,1.6943585044585177,0.0189920101431499,0.98100798985685,Highly Volatile,0.8941545953156467,0.3931716392137926,0.019856955146671844,0.5346211781129295,0.8550742335452388,0.4275858717880859
42077,PA,Lehigh County,378792,379620.0,2.692165850060583,1.1202175845550657,0.2579978753173849,0.7420021246826151,Volatile,0.9730783414993942,0.3381672895601572,0.2697778410590742,0.26227475610069173,0.9638842552406657,0.4272401872061218
42091,PA,Montgomery County,867573,1041812.0,22.804882262826688,1.221859118584467,0.0012342290193403,0.9987657709806596,Highly Volatile,0.7719511773717332,0.3479048405398456,0.001288204178716709,0.7217247831948329,0.6865957058436394,0.422443840174069
37007,NC,Anson County,22289,10875.0,-2.501149425287352,4.459291659464573,0.1130846302398036,0.1130846302398036,Highly Volatile,0.9749885057471265,0.6580601792127478,0.1182466367355813,0.006427660030625747,0.966517746721844,0.42189017729974493
26081,MI,Kent County,663150,371947.0,5.36312969320899,1.732490758969382,0.1978542700216448,0.8021457299783552,Highly Volatile,0.9463687030679101,0.3968248187512304,0.20688757220931384,0.2569509828477781,0.927060403386998,0.4204191650670417
37099,NC,Jackson County,43771,21942.0,-9.34281287029441,-0.6049033398341298,0.6844926735374939,0.6844926735374939,Moderate,0.9065718712970559,0.17289574867109678,0.715749983753133,0.014106299231719781,0.872193594121327,0.4087715141718077
26163,MI,Wayne County,1772259,856690.0,28.968705132545033,2.385271496103978,0.0014088931719666,0.9985911068280332,Highly Volatile,0.7103129486745496,0.45936308883054666,0.0014708449675930888,0.5932812080448437,0.6016167568440121,0.4068202912710756
42029,PA,Chester County,547840,649928.0,14.457601457392208,1.9882452361971976,0.012013976735913,0.9879860232640868,Highly Volatile,0.855423985426078,0.4213268324611871,0.012560245964277333,0.44982310752106996,0.8016773953800873,0.4023293671857104
37195,NC,Wilson County,79290,40045.0,0.3970533150205995,-0.1567591481002456,0.4956732367967834,0.5043267632032166,Moderate,0.996029466849794,0.21582924977309376,0.5183074612722819,0.026666740675417737,0.995526347362057,0.40009759489126445
37001,NC,Alamance County,176893,89831.0,-8.14084224822166,-0.6373384125383752,0.5920579551456407,0.5920579551456407,Stable,0.9185915775177834,0.1697883755189351,0.6190939176239002,0.06120986268370071,0.8887648360844884,0.3987654249494785
26021,MI,Berrien County,153288,84488.0,-7.873307451945848,-0.0550776898505169,0.5256016105732028,0.5256016105732028,Moderate,0.9212669254805416,0.22557062560779323,0.5496026166554668,0.05750271808702181,0.8924532655362887,0.3979381744752179
42101,PA,Philadelphia County,1579706,1442882.0,58.80730371575777,1.3596879724312516,5.075158903133925e-06,0.9999949248410968,Highly Volatile,0.4119269628424223,0.3611092407254711,2.9168009397496994e-06,1.0,0.19024011594792978,0.3963815246074622
37037,NC,Chatham County,80151,52301.0,12.441444714250204,-1.4180665753625452,0.7331299942033637,0.2668700057966363,Very Stable,0.875585552857498,0.0949923744611417,0.7666084941095983,0.035170346173620366,0.8294735998901865,0.3948371423871845
37055,NC,Dare County,37875,25196.0,-18.725194475313536,0.7123347768255687,0.5448582835665535,0.5448582835665535,Volatile,0.8127480552468646,0.29909094471814074,0.5697387115195625,0.016364028694117898,0.7428412514664198,0.38482121876214626
42043,PA,Dauphin County,289593,299052.0,5.920709441836209,1.1253417624775208,0.1816898759929265,0.8183101240070735,Volatile,0.9407929055816379,0.3386582005270702,0.18998497581089743,0.2063740961970372,0.9193732030856072,0.38456186877722615
37125,NC,Moore County,104876,61790.0,-29.42385499271727,-0.8212040259558653,0.7993410184957056,0.7993410184957056,Stable,0.7057614500728273,0.15217352150122032,0.8358432714078314,0.04175411841353916,0.5953417295480815,0.38411974981532504
42011,PA,Berks County,433015,419676.0,-12.177012743163772,0.1894339067872226,0.2667087049339916,0.2667087049339916,Volatile,0.8782298725683623,0.24899553905603258,0.2788864805195632,0.290066892347102,0.8331192515352428,0.38356085524052463
42079,PA,Luzerne County,327675,312300.0,-19.17387127761767,1.989773191280202,0.2134822106423652,0.2134822106423652,Highly Volatile,0.8082612872238232,0.4214732149480071,0.22322921621905217,0.21556598308021183,0.7366554664582823,0.3834718576008746
37185,NC,Warren County,18795,10013.0,18.93538400079897,3.7243743869334303,0.2173186651364977,0.7826813348635022,Highly Volatile,0.8106461599920104,0.5876529930613118,0.22724087553643854,0.005829576811023049,0.7399434256618802,0.38255219613763497
26083,MI,Keweenaw County,2133,1611.0,-12.787088764742393,1.0392753299813626,0.4447250790867744,0.4447250790867744,Volatile,0.8721291123525761,0.3304127890220763,0.4650325815901122,0.0,0.824708299400599,0.3803236419842707
37041,NC,Chowan County,13836,7552.0,-22.40466101694914,1.479131299330281,0.4361487068393942,0.4361487068393942,Highly Volatile,0.7759533898305085,0.3725522546072416,0.4560645399547438,0.004122056157377759,0.6921134472779498,0.3652350148657928
37181,NC,Vance County,42322,20092.0,13.328688035038816,2.647735249393831,0.1793384679184483,0.8206615320815517,Highly Volatile,0.8667131196496117,0.4845078704632306,0.18752618263991494,0.012822709955310279,0.8172414176063694,0.35888786780904935
37089,NC,Henderson County,118484,69974.0,-14.485380284105531,3.274239706498261,0.0882854932032,0.0882854932032,Highly Volatile,0.8551461971589447,0.5445287974229882,0.09231496224076155,0.047432439839558284,0.8012944162535878,0.358554372997694
37117,NC,Martin County,21644,12040.0,-10.307308970099667,2.053014301607904,0.1787836280676667,0.1787836280676667,Highly Volatile,0.8969269102990033,0.42753189501131633,0.18694600412862297,0.007235974358743081,0.8588963487902919,0.3485843328832948
37017,NC,Bladen County,29566,16764.0,-20.371033166308756,2.6237547025809413,0.2081873447307234,0.2081873447307234,Highly Volatile,0.7962896683369124,0.4822104651816086,0.2176925421359278,0.010513636921855779,0.7201505211940091,0.3457447885577303
26061,MI,Houghton County,37693,19374.0,-17.033137194177762,-0.4845764962948103,0.5069824195517172,0.5069824195517172,Moderate,0.8296686280582225,0.1844234059853812,0.5301331165590166,0.012324538549655132,0.7661691848670527,0.34417527254619285
37153,NC,Richmond County,42344,19873.0,-20.852412821415996,2.628856578009814,0.2034653175765103,0.2034653175765103,Highly Volatile,0.79147587178584,0.4826992395055606,0.21275486745240887,0.012670760738265046,0.7135138708512836,0.3438689530695934
42045,PA,Delaware County,579222,656344.0,23.73846641395366,0.8389445635688717,0.0035373903336024,0.9964626096663975,Volatile,0.7626153358604634,0.31122052604248174,0.0036965472360719724,0.4542747338980664,0.6737246351392496,0.3426039051241291
26047,MI,Emmet County,34125,22851.0,-10.76539319942234,1.1161229658802958,0.2270980026592343,0.2270980026592343,Volatile,0.8923460680057766,0.33777501332713195,0.2374668199731452,0.014736992557263693,0.8525808661451972,0.3348996303597812
37049,NC,Craven County,102612,56173.0,-20.411941680166628,-0.4423096182467599,0.4650178348711737,0.4650178348711737,Moderate,0.7958805831983338,0.18847269433659902,0.4862520755115017,0.03785686383754339,0.7195865266428587,0.3314863484668127
37183,NC,Wake County,1178653,653580.0,25.43667186878423,0.5938336881480035,0.0007317356097761,0.999268264390224,Volatile,0.7456332813121577,0.2877381999650698,0.0007627626880157245,0.45235698213590647,0.6503119385405347,0.3296637839036084
26097,MI,Mackinac County,10957,7238.0,-24.88256424426637,-0.5979704603018974,0.5346898044049097,0.5346898044049097,Moderate,0.7511743575573362,0.1735599384486893,0.5591058539593213,0.003904192896408795,0.6579512696114418,0.3244107471708277
37187,NC,Washington County,10812,5944.0,6.224764468371475,1.5966643967575322,0.078424546851868,0.921575453148132,Highly Volatile,0.9377523553162852,0.3838122630174599,0.0820036820290271,0.0030063742349634454,0.9151812791547689,0.31943244880218935
37163,NC,Sampson County,59470,28201.0,-29.718804297719934,3.589137349121482,0.0895433465448465,0.0895433465448465,Highly Volatile,0.7028119570228006,0.5746968962982014,0.09363025975977013,0.01844899397823171,0.5912753437227467,0.3186839510685102
42019,PA,Butler County,197254,242880.0,-32.2068511198946,-0.5327582451153292,0.4179846828732797,0.4179846828732797,Moderate,0.677931488801054,0.1798074560205309,0.4370709936748811,0.16740016277299688,0.5569733190735656,0.31645468973284185
37131,NC,Northampton County,16931,9215.0,14.476397178513295,2.812413686082717,0.0118416729396101,0.98815832706039,Highly Volatile,0.855236028214867,0.5002845378249173,0.012380073325473268,0.005275898842063706,0.80141826388648,0.3147830071666554
37129,NC,New Hanover County,235229,138734.0,0.6234953219830714,0.7516180218283907,0.003160912382472,0.996839087617528,Volatile,0.9937650467801693,0.3028543924515439,0.003302876130953257,0.09514033099951362,0.9924044530169789,0.31394801012147566
37077,NC,Granville County,60877,32104.0,-9.4006977323698,0.5926385499210397,0.182865581821429,0.182865581821429,Volatile,0.9059930226763021,0.2876237022892528,0.19121437426945626,0.02115702043543511,0.8713955512758196,0.3136590696181626
26139,MI,Ottawa County,301203,178507.0,-20.436173371352385,1.766968443134476,0.0684114167922185,0.0684114167922185,Highly Volatile,0.7956382662864762,0.40012787994983534,0.07153326811914501,0.12273611277823532,0.7192524509088583,0.31245619939106734
37033,NC,Caswell County,22404,12040.0,-24.518272425249165,3.5788433441716943,0.0193554395923319,0.0193554395923319,Highly Volatile,0.7548172757475083,0.5737107010489765,0.020236981845347245,0.007235974358743081,0.662973661812446,0.3115761817282047
37021,NC,Buncombe County,274360,160510.0,24.700018690424272,2.16934735308357,0.0741140227128411,0.9258859772871588,Highly Volatile,0.7529998130957573,0.43867693557159887,0.07749630305409248,0.11024921753091542,0.6604679754996441,0.31063305591766044
37119,NC,Mecklenburg County,1154681,577505.0,32.67227123574688,1.0512030772038587,0.0002733337915357,0.9997266662084644,Volatile,0.6732772876425313,0.33155550147482515,0.00028342638204273234,0.3995737095938238,0.5505566985566592,0.30954227414774604
37073,NC,Gates County,10376,5868.0,-21.642808452624408,3.394490001402247,0.0004324165359055,0.0004324165359055,Highly Volatile,0.7835719154737559,0.5560491211580808,0.00044977418433324534,0.0029536429998244604,0.7026169013157106,0.3081889709066058
42103,PA,Pike County,60621,69900.0,-24.048640915593708,2.939599475210799,0.0280570683078772,0.0280570683078772,Highly Volatile,0.7595135908440629,0.5124693018325951,0.029336000214141306,0.0473810962685019,0.6694483436699816,0.3068097334044356
26037,MI,Clinton County,79626,49986.0,-8.604409234585681,1.0760354825026344,0.0807487036267908,0.0807487036267908,Volatile,0.9139559076541431,0.3339345172468143,0.08443397937660295,0.033564124998005235,0.8823737641596816,0.30615463409963267
37175,NC,Transylvania County,33691,20780.0,-12.127045235803664,1.9731847098674415,0.0321274444919755,0.0321274444919755,Highly Volatile,0.8787295476419633,0.4198839907693791,0.03359226405597213,0.013300066399726354,0.833808139965255,0.30444990783778936
37189,NC,Watauga County,55123,33095.0,5.9555824142619755,1.5010715742351837,0.0102954790921859,0.989704520907814,Highly Volatile,0.9404441758573802,0.3746541959783062,0.010763267244756972,0.021844607988365822,0.9188924189021757,0.3043267113822077
42071,PA,Lancaster County,557931,578514.0,-15.951904361865047,-0.9737131518558892,0.0179755772612072,0.0179755772612072,Stable,0.8404809563813496,0.13756270907596088,0.018794103378827448,0.40027378612349795,0.781075847770236,0.3022509546524168
37071,NC,Gaston County,234881,119256.0,-24.959750452807405,0.5449660784723823,0.2300225119308721,0.2300225119308721,Volatile,0.7504024954719258,0.2830565425597985,0.24052488696867239,0.08162587049902481,0.6568871243532599,0.29683207700551584
42093,PA,Montour County,18103,19816.0,-21.01332256762213,0.5884495838561767,0.2269967238745292,0.2269967238745292,Volatile,0.7898667743237787,0.2872223873051934,0.23736091594614914,0.012631212311910807,0.7112954519568064,0.29092383864743426
26045,MI,Eaton County,109130,65208.0,-3.137651821862349,0.3156615791479195,0.0250151106325279,0.0250151106325279,Volatile,0.9686234817813765,0.26108851272469197,0.02615512113162545,0.04412563633071088,0.9577424613445795,0.2874452354519076
26111,MI,Midland County,83757,50301.0,-15.1985049999006,-0.2866552503171079,0.2270453060077141,0.2270453060077141,Moderate,0.848014950000994,0.20338482998468685,0.23741171674869946,0.0337826820910155,0.7914627598068005,0.2871066006666949
37083,NC,Halifax County,47675,23965.0,17.675777175046946,1.5400829209593767,0.0678079005992031,0.9321920994007968,Highly Volatile,0.8232422282495305,0.3783915950754435,0.07090219029387518,0.015509921451274606,0.7573092822848908,0.28658236291589867
37101,NC,Johnston County,234263,124678.0,-21.46489356582557,1.4000792963255235,0.0557573864121194,0.0557573864121194,Highly Volatile,0.7853510643417443,0.3649788456002245,0.05830134813822171,0.0853878278269666,0.7050697654571885,0.2864299007628021
42133,PA,York County,462924,498420.0,-25.263031178524145,-0.2871924446728984,0.0323858036423323,0.0323858036423323,Moderate,0.7473696882147586,0.203333365222024,0.03386242206106409,0.34470200260742084,0.6527058754971538,0.28618229083315916
37079,NC,Greene County,20486,8450.0,-18.08284023668639,1.5724954455936009,0.0738172304557722,0.0738172304557722,Highly Volatile,0.8191715976331361,0.38149680805771574,0.07718595676294801,0.0047451173304673445,0.7516972145980283,0.2852712538602742
37091,NC,Hertford County,19908,9843.0,26.71949608859088,2.554187044351493,0.0194997203256636,0.9805002796743364,Highly Volatile,0.7328050391140911,0.47554568365291927,0.02038785165211145,0.005711625364001635,0.6326259900221247,0.275713772354329
37047,NC,Columbus County,50140,26402.0,-33.876221498371336,2.9638525749743985,0.0354124365087925,0.0354124365087925,Highly Volatile,0.6612377850162866,0.5147928184699493,0.0370272764748497,0.017200790135928633,0.5339581638277845,0.2747864949592363
42027,PA,Centre County,158576,161584.0,2.834439053371618,-0.5841336275742423,0.0032642851921368,0.9967357148078632,Moderate,0.9716556094662837,0.17488554677770163,0.003410969813724796,0.11099439314327424,0.961922773292899,0.2734515594311401
42125,PA,Washington County,210042,243234.0,-25.505480319363244,-0.3678765029883116,0.1638095167477129,0.1638095167477129,Moderate,0.7449451968063676,0.1956036006272942,0.17128804877214826,0.16764577931561794,0.6493632951521557,0.27328719624056097
42129,PA,Westmoreland County,352500,422900.0,-28.42468668716009,-1.32257116412536,0.1631445438769777,0.1631445438769777,Very Stable,0.715753133128399,0.10414110921931072,0.17059270763965886,0.292303806848261,0.6091169911470358,0.2687898596171804
37147,NC,Pitt County,177193,87130.0,5.958911970618608,-0.0254752040429654,0.0038032714150175,0.9961967285849824,Moderate,0.940410880293814,0.2284066287971307,0.003974570686944895,0.059335822340142834,0.9188465152145129,0.2681188899388137
26025,MI,Calhoun County,133778,68505.0,-14.039851105758691,-0.4797164864948596,0.1441929763871221,0.1441929763871221,Moderate,0.8596014889424132,0.18488900888719412,0.1507756519659809,0.04641320057088501,0.8074368058265564,0.266251276965686
37065,NC,Edgecombe County,48736,24448.0,22.68079188481675,1.7324942714995544,0.0213259346819726,0.9786740653180274,Highly Volatile,0.7731920811518325,0.3968251552617125,0.02229746633651249,0.01584504232722368,0.6883065061257267,0.26624447496959314
37061,NC,Duplin County,49335,22898.0,-28.910821905843303,2.2394653914795803,0.0276058471503862,0.0276058471503862,Highly Volatile,0.7108917809415669,0.44539444510150616,0.028864172498363865,0.014769602663204909,0.6024147771430679,0.2650097327494576
37095,NC,Hyde County,4592,2421.0,-22.05700123915738,1.4197234858869343,0.0560080573450731,0.0560080573450731,Highly Volatile,0.7794299876084261,0.3668608153986493,0.0585634668171529,0.0005620039534549714,0.6969065380514257,0.2642209199225319
26077,MI,Kalamazoo County,262375,145710.0,17.72699197035206,0.4751470432942726,0.0148850604032974,0.9851149395967026,Volatile,0.8227300802964794,0.27636767839721277,0.015562447492504475,0.0999805033196394,0.7566031978353132,0.2631166807892624
37145,NC,Person County,39542,22036.0,-23.661281539299324,0.3942036510734097,0.1669812269596829,0.1669812269596829,Volatile,0.7633871846070067,0.2686130688692655,0.17460460598489738,0.01417151944360221,0.6747887620074982,0.2627357044194042
26121,MI,Muskegon County,175961,95181.0,-1.7913238986772555,-0.9672062387952148,0.0269312993954166,0.0269312993954166,Stable,0.9820867610132273,0.13818609004176163,0.0281588192117852,0.06492186410466873,0.9763039181449025,0.2599867814706225
26093,MI,Livingston County,195833,132448.0,-23.944491423049044,1.0523025427925743,0.0138350969297561,0.0138350969297561,Volatile,0.7605550857695096,0.3316608334370271,0.014464533843850665,0.09077890278788651,0.6708842243891977,0.25998595406688196
37123,NC,Montgomery County,26007,13206.0,-37.778282598818706,2.9794444916584455,0.0003508265991745,0.0003508265991745,Highly Volatile,0.622217174011813,0.5162865688844014,0.0003644581639314726,0.00804498251890172,0.48016150901516863,0.2530206326390625
37067,NC,Forsyth County,389977,204726.0,13.116555786758887,-0.6687908521870971,0.0060077599140475,0.9939922400859524,Stable,0.8688344421324112,0.16677514143663158,0.006279734697290999,0.14092769506914382,0.8201660272015476,0.2508676053129077
26053,MI,Gogebic County,14319,8295.0,-17.094635322483427,0.8160970639133379,0.0115139193540161,0.0115139193540161,Volatile,0.8290536467751657,0.3090316699338183,0.012037351750783437,0.004637573364065468,0.7653213269030388,0.2499424976394655
37179,NC,Union County,250958,139355.0,-25.1896236231208,0.6908644634570947,0.0211169224585269,0.0211169224585269,Volatile,0.7481037637687921,0.29703402701248194,0.022078908854619772,0.09557120069716243,0.6537179254925316,0.24926632059019646
42007,PA,Beaver County,166324,189686.0,-20.708961125228015,-0.5872663505641085,0.0795303451551421,0.0795303451551421,Moderate,0.7929103887477198,0.17458542291485005,0.08315998039598652,0.13049246116795524,0.7154916003597283,0.2488870573373861
37143,NC,Perquimans County,13244,7666.0,-39.25123923819463,2.894445496481593,0.0089389165157157,0.0089389165157157,Highly Volatile,0.6074876076180538,0.5081434209413815,0.009344752595922356,0.0042011530100862365,0.4598542565548285,0.24780035399488232
26029,MI,Charlevoix County,26108,17661.0,-16.9073098918521,0.5589077498042954,0.0229692915705439,0.0229692915705439,Volatile,0.830926901081479,0.2843921947283037,0.024015872741152734,0.011136004262904063,0.7679039316521401,0.24768641399993335
37081,NC,Guilford County,547940,285053.0,21.76472445475052,-0.4966991959437992,0.0005852191166445,0.9994147808833554,Moderate,0.7823527554524948,0.18326201653006924,0.0006095550178293308,0.19666114145084443,0.7009360785623815,0.24448349478866552
37133,NC,Onslow County,207906,81681.0,-35.8418726509225,2.029291804955409,0.0061443349413342,0.0061443349413342,Highly Volatile,0.641581273490775,0.4252592116764472,0.00642254689057387,0.05555513154708587,0.5068582661548106,0.2444438363433112
26019,MI,Benzie County,18310,12846.0,-8.679744667600815,-0.2710728595769821,0.0065983052753313,0.0065983052753313,Moderate,0.9132025533239918,0.2048776677863429,0.006897249333410554,0.007795202984032844,0.8813351350401608,0.2414034404232959
26065,MI,Ingham County,283913,148101.0,29.694600306547557,0.97530245524879,0.0007483383977729,0.999251661602227,Volatile,0.7030539969345244,0.3242840038263959,0.0007801236991430085,0.10163945573039351,0.5916090375641985,0.2412119035181426
37103,NC,Jones County,9302,5463.0,-25.66355482335713,1.300889091070201,0.0154067881293221,0.0154067881293221,Highly Volatile,0.7433644517664287,0.3554761389598458,0.016108001700549122,0.0026726410230969748,0.6471839649707141,0.24077479536300808
37051,NC,Cumberland County,338545,140513.0,13.373139851828654,-0.6462131021746282,0.0054345686721013,0.9945654313278988,Stable,0.8662686014817135,0.16893815475448926,0.005680366715756347,0.09637465820099064,0.8166285725016729,0.2395209171558681
26085,MI,Lake County,12563,6915.0,-32.176428054953,1.8475892133290537,0.0067455570704942,0.0067455570704942,Highly Volatile,0.6782357194504701,0.4078515813607601,0.007051225885711793,0.003680085147068109,0.5573927535931372,0.23651685288505045
26017,MI,Bay County,103008,61338.0,-14.71355440346931,-0.5284348882019946,0.0339502915461132,0.0339502915461132,Moderate,0.8528644559653068,0.18022164603398355,0.035498357658824926,0.041440506330870465,0.7981486417460644,0.2329309381568318
37177,NC,Tyrrell County,3423,1757.0,-21.457029026750146,0.7803204216744346,0.0002657262064205,0.0002657262064205,Volatile,0.7854297097324985,0.3056041648197906,0.00027547137051923374,0.0001012994780301554,0.7051781917178261,0.23281108050163973
37173,NC,Swain County,14013,7052.0,-23.652864435621098,0.7078652152773446,0.0191984939066904,0.0191984939066904,Volatile,0.763471355643789,0.2986627478806147,0.020072868697885115,0.003775140136726542,0.6749048063259862,0.23054178783803456
26159,MI,Van Buren County,75795,41169.0,-15.137603536641656,-0.397481465688284,0.0082366990402236,0.0082366990402236,Moderate,0.8486239646335835,0.1927673601445466,0.00861046595634463,0.027446607889841674,0.792302391712141,0.22530495484733876
37149,NC,Polk County,19891,13068.0,-25.099479644934192,-1.3897478745069891,0.2377212925981805,0.2377212925981805,Very Stable,0.749005203550658,0.09770538736371909,0.2485752588012479,0.007949233697201984,0.6549607159955773,0.22443488253284366
37013,NC,Beaufort County,44499,26572.0,-31.036429324100553,0.7795887243110706,0.0484857992646218,0.0484857992646218,Volatile,0.6896357067589944,0.3055340661101883,0.05069767907944354,0.017318741582950048,0.5731096059518708,0.22328624618902904
42085,PA,Mercer County,109257,116820.0,-30.15921931176169,0.1783170372072937,0.0448223371145974,0.0448223371145974,Volatile,0.6984078068823831,0.24793051101112143,0.04686691239355824,0.07993569564641209,0.5852034617417133,0.2231204976616717
37105,NC,Lee County,65816,30081.0,-17.43293108606761,-0.4443870632966987,0.0059848183573534,0.0059848183573534,Moderate,0.8256706891393238,0.1882736691322428,0.006255745435901873,0.019753398215880288,0.7606573352459061,0.21511585370179961
42127,PA,Wayne County,51262,58888.0,-37.09074853960061,1.2274420530074115,0.0102848348998561,0.0102848348998561,Highly Volatile,0.6290925146039938,0.34843970169752897,0.010752136948958808,0.0397406178296795,0.4896403540418217,0.2150831700122826
26013,MI,Baraga County,8191,4332.0,-29.801477377654663,0.8698492668596562,0.000251779770364,0.000251779770364,Volatile,0.7019852262234534,0.31418128540802914,0.00026088802273393894,0.0018879169843839221,0.5901355524613966,0.21281869736646752
42051,PA,Fayette County,125997,126944.0,-37.94586589362238,0.7645016397265463,0.0091756489576178,0.0091756489576178,Volatile,0.6205413410637761,0.3040886800612707,0.009592296234908992,0.08696005123255793,0.477851083721756,0.21093490762959916
26071,MI,Iron County,11667,7027.0,-29.315497367297567,0.6516937712249231,0.008888935833111,0.008888935833111,Volatile,0.7068450263270243,0.2932813621578751,0.009292489374406987,0.0037577943356939814,0.5968356266503975,0.21061410490496724
26115,MI,Monroe County,155505,91356.0,-27.12793905162222,-0.0619615693493637,0.0062584859400824,0.0062584859400824,Moderate,0.7287206094837778,0.22491113017417783,0.006541910985317479,0.062267956546686924,0.6269948980101827,0.210074785537291
26161,MI,Washtenaw County,369822,221542.0,44.374430130629854,0.831530550948278,0.0001337856285038,0.999866214371496,Volatile,0.5562556986937015,0.310510242332712,0.0001375052745964517,0.15259517467568556,0.3892222175157992,0.20918068619054392
37137,NC,Pamlico County,12390,7976.0,-32.00852557673018,0.1653451683534614,0.0757014406534416,0.0757014406534416,Volatile,0.6799147442326983,0.24668776870629272,0.07915621586727348,0.004416240942889991,0.5597075793815136,0.2068409606907314
26005,MI,Allegan County,121456,71913.0,-27.21204789120187,-0.0167720668258219,0.0011242481822035,0.0011242481822035,Moderate,0.7278795210879813,0.22924041434694978,0.0011732006902852468,0.0487777801676437,0.625835312321215,0.20642693198281017
37031,NC,Carteret County,69148,45817.0,-42.98622781936837,-1.2086397404808376,0.3146236210784911,0.3146236210784911,Stable,0.5701377218063164,0.11505606693340918,0.3289895952800402,0.030671539217815385,0.40836098511235164,0.20610430072695698
37019,NC,Brunswick County,152568,109378.0,-24.77737753478761,-0.9867212898982214,0.0536683650143719,0.0536683650143719,Stable,0.752226224652124,0.13631649207867125,0.056116924429479596,0.07477219759503938,0.659401450158347,0.20549751816140052
26009,MI,Antrim County,24127,16883.0,-23.75762601433395,-0.0759580345166324,0.0017614394657254,0.0017614394657254,Moderate,0.7624237398566605,0.22357022859882097,0.001839491494309503,0.010596202934770768,0.6734604869412912,0.2048720895751746
26027,MI,Cass County,51520,27871.0,-33.924150550751676,0.8310671945875697,0.0010518417759865,0.0010518417759865,Volatile,0.6607584944924833,0.3104658514621172,0.0010974875977454717,0.01822002940460191,0.5332973790220046,0.20462861049362294
42073,PA,Lawrence County,85024,94220.0,-33.765654850350245,0.2160341534811868,0.0199286804023274,0.0199286804023274,Volatile,0.6623434514964975,0.25154391911275076,0.020836401658625797,0.06425509151297708,0.535482516123728,0.20383255225147157
37097,NC,Iredell County,196544,110875.0,-32.5249154453213,-0.7745665777078934,0.1000926138843277,0.1000926138843277,Stable,0.674750845546787,0.15664152303439122,0.10466129549308957,0.07581086416086912,0.5525882527502253,0.2026281473738521
26091,MI,Lenawee County,98415,55016.0,-23.040570015995343,-0.4775245308562396,0.0017431254666793,0.0017431254666793,Moderate,0.7695942998400466,0.1850990045349389,0.0018203411238243957,0.03705410016575648,0.6833463429109774,0.2019175802650724
26075,MI,Jackson County,160060,83827.0,-21.295048134849154,-0.9500406474441172,0.0153305946219714,0.0153305946219714,Stable,0.7870495186515085,0.13983060301053934,0.01602832855594249,0.0570440951077209,0.7074113782065867,0.201699562460395
37069,NC,Franklin County,74386,42667.0,-13.525675580659524,-1.6899361327548044,0.0316443774956183,0.0316443774956183,Very Stable,0.8647432441934048,0.06894648977224405,0.03308713615211662,0.02848596828771272,0.8145256039065463,0.1989823438229398
26147,MI,St. Clair County,160221,96524.0,-34.63698147610956,0.1727826143167391,0.0025388547658745,0.0025388547658745,Volatile,0.6536301852389045,0.24740029739761632,0.0026524101245426162,0.0658536805361379,0.5234697729840471,0.19604056648126444
37085,NC,Harnett County,139150,63757.0,-25.045093087817804,-0.7488765277492183,0.0147722576286475,0.0147722576286475,Stable,0.749549069121822,0.15910270362884169,0.01544449319312639,0.04311888603878105,0.6557105286623501,0.1935137616290994
26105,MI,Mason County,29207,18064.0,-21.351860053144375,-0.798994812994041,0.002584547473215,0.002584547473215,Stable,0.7864813994685562,0.15430122791080642,0.0027001895457294104,0.011415618575548942,0.7066281277450754,0.19114494595257658
37157,NC,Rockingham County,92131,49595.0,-35.83224115334207,0.301543983414084,0.0129877959947198,0.0129877959947198,Volatile,0.6416775884665793,0.2597360064930456,0.013578538012056714,0.03329283666985598,0.506991052991645,0.1910368562167209
26131,MI,Ontonagon County,5850,3841.0,-30.35667794845093,0.1686957114318215,0.0001063714519211,0.0001063714519211,Volatile,0.6964332205154906,0.2470087603594267,0.00010883913582570324,0.0015472454521044275,0.5824811532374914,0.19101287990230884
26057,MI,Gratiot County,41385,19848.0,-31.297863764611044,0.1020345264340442,0.0019972702600725,0.0019972702600725,Volatile,0.6870213623538897,0.2406224273167305,0.0020860923089199993,0.012653414937232484,0.5695052804453689,0.18977266109563104
26155,MI,Shiawassee County,67991,40685.0,-23.0625537667445,-0.8286552071753566,0.0017988520865914,0.0017988520865914,Stable,0.769374462332555,0.15145967693288953,0.0018786126905375507,0.027110793181851296,0.6830432589202109,0.18929390633200627
37045,NC,Cleveland County,100991,51706.0,-34.910842068618734,-0.4151360972152913,0.0739003350938706,0.0739003350938706,Moderate,0.6508915793138127,0.19107599572188727,0.07727285665873862,0.03475751610904542,0.5196941315005487,0.18926921820862191
26041,MI,Delta County,36813,21874.0,-30.387674865136695,-0.1007525028336469,0.0003378861669669,0.0003378861669669,Moderate,0.6961232513486331,0.22119484729867886,0.0003509267626034963,0.014059118652911215,0.5820538071800431,0.18637172697949095
26011,MI,Arenac County,15077,9158.0,-40.587464511902155,0.902425648855294,6.940861628020232e-05,6.940861628020232e-05,Volatile,0.5941253548809784,0.31730219639629276,7.018826580427789e-05,0.005236350415709468,0.4414320822343658,0.18480371003613943
37141,NC,Pender County,65550,38909.0,-34.907090904418,0.0450929612745583,0.0120530674228971,0.0120530674228971,Volatile,0.65092909095582,0.23516726177934932,0.012601121861255296,0.025878547476498173,0.5197458477808572,0.1841192654244146
42107,PA,Schuylkill County,143558,146368.0,-42.06247267162221,0.0134981711884902,0.0050653849116795,0.0050653849116795,Moderate,0.5793752732837779,0.2321403901161703,0.0052943229155264825,0.1004370448028164,0.42109654602116964,0.18029426816867072
42025,PA,Carbon County,65382,70790.0,-34.790224607995476,-0.2974320156788232,0.0123626366378926,0.0123626366378926,Moderate,0.6520977539200453,0.20235238490101182,0.01292482861383428,0.047998606785261064,0.5213570516154541,0.1802079846431682
42035,PA,Clinton County,37798,37044.0,-40.870316380520464,0.598094408852901,0.0002213935999182,0.0002213935999182,Volatile,0.5912968361947953,0.28814638924979813,0.00022911416382983434,0.024584550719469134,0.43753248047328164,0.1801538290904205
26003,MI,Alger County,8762,5258.0,-19.7984024343857,-1.313280221611162,0.000409432041479,0.000409432041479,Stable,0.8020159756561429,0.1050312082053727,0.000425740024313231,0.0025304054546299764,0.7280452253073886,0.17785744389282535
26107,MI,Mecosta County,41242,22489.0,-30.04580016897149,-0.7107393513540308,0.0164607094244368,0.0164607094244368,Stable,0.6995419983102852,0.1627563546969384,0.017210053918242593,0.014485825358312212,0.5867671406070002,0.17410430434962026
42075,PA,Lebanon County,144186,147384.0,-31.954621939966344,-1.189071617169359,0.0058253097460072,0.0058253097460072,Stable,0.6804537806003366,0.1169307493665495,0.006088952317962118,0.10114197815677967,0.560450734156767,0.1739771042600037
26039,MI,Crawford County,13369,8476.0,-33.754129306276546,-0.1518305858156255,0.0029119268601607,0.0029119268601607,Moderate,0.6624587069372345,0.21630142019989168,0.0030425198327091152,0.004763156963541208,0.5356414156642784,0.17397012839188575
42097,PA,Northumberland County,90560,87044.0,-39.92693350489408,-0.049415375821033,0.0004060196541455,0.0004060196541455,Moderate,0.6007306649510592,0.22611309155984344,0.0004221717986345729,0.05927615278459082,0.4505386435265427,0.17286623731906792
26035,MI,Clare County,31218,17288.0,-37.5925497454882,0.1282167094711317,0.0004670281410537,0.0004670281410537,Volatile,0.624074502545118,0.24313075567400838,0.00048596644687534847,0.010877204911498255,0.48272215733429347,0.17232445100865462
26033,MI,Chippewa County,36295,18365.0,-24.24720936564116,-1.2786952410134576,0.0092457948600331,0.0092457948600331,Stable,0.7575279063435884,0.10834454871048814,0.009665645590005264,0.011624462019980976,0.6667107344709218,0.17116803840982736
37087,NC,Haywood County,62662,37851.0,-25.045573432670203,-1.3855428836396064,0.0150356218588871,0.0150356218588871,Very Stable,0.7495442656732979,0.09810823756989973,0.015719884852201934,0.025144473176800197,0.6557039062785508,0.1707893420339306
26101,MI,Manistee County,25350,15297.0,-15.944302804471455,-2.0183997942509277,0.0030881362065809,0.0030881362065809,Very Stable,0.8405569719552856,0.03747872731336152,0.0032267763819418204,0.009495785317265108,0.781180648373972,0.1706603882936046
26087,MI,Lapeer County,88837,55439.0,-39.79148253034868,0.0434163706987068,4.076800754295038e-05,4.076800754295038e-05,Moderate,0.6020851746965132,0.23500663958527956,4.023968565765092e-05,0.037347591119227405,0.45240606926234583,0.17033016342927432
26051,MI,Gladwin County,25693,15488.0,-40.728305785123965,0.3077772324866379,0.0004290984849192,0.0004290984849192,Volatile,0.5927169421487604,0.2603331696625383,0.0004463046031939118,0.009628307237153874,0.4394903419171744,0.1685166722422833
42119,PA,Union County,42456,42376.0,-23.381159146686805,-1.612861823690229,0.0007628386923935,0.0007628386923935,Very Stable,0.766188408533132,0.07633043001780809,0.0007952861993390995,0.02828406316369371,0.678650733225461,0.16589911299119284
26109,MI,Menominee County,23247,13060.0,-33.62174578866768,-0.4753856084972853,0.002540712488428,0.002540712488428,Moderate,0.6637825421133232,0.18530391944212526,0.0026543526863538574,0.007943683040871565,0.5374665512058175,0.16573399500560745
26043,MI,Dickinson County,25954,15312.0,-36.31792058516197,-0.2503484543074609,0.0022487749840112,0.0022487749840112,Moderate,0.6368207941483803,0.20686312535310208,0.0023490828567548482,0.009506192797884646,0.5002951227971622,0.16508178107902294
42063,PA,Indiana County,83042,84458.0,-39.11529991238248,-0.839851826144772,0.0491614889703965,0.0491614889703965,Stable,0.6088470008761752,0.15038700866734278,0.0514042264679187,0.05748190312578273,0.46172841505668716,0.16468331800996563
26069,MI,Iosco County,25347,15731.0,-30.58292543385671,-0.9400114971600562,0.0121588192377949,0.0121588192377949,Stable,0.694170745661433,0.14079142442185089,0.012711703194675022,0.009796908423190365,0.5793619407081949,0.1637369683726606
42021,PA,Cambria County,131538,142272.0,-39.685953666216825,-1.2619706658377294,0.0504329889428498,0.0504329889428498,Stable,0.6031404633378318,0.1099468110626106,0.05273379383783018,0.09759510876164162,0.4538609670023679,0.16133846236912472
42037,PA,Columbia County,65362,65152.0,-31.025908644400783,-1.7705449260755886,0.0644822123252889,0.0644822123252889,Very Stable,0.6897409135559921,0.06122393578023866,0.0674246230840529,0.04408678173639795,0.5732546517006771,0.16089596227931974
26137,MI,Otsego County,25584,15971.0,-35.32026798572413,-0.4974159284637046,0.001524758152628,0.001524758152628,Moderate,0.6467973201427587,0.18319335149546476,0.0015920013190994034,0.009963428113102949,0.5140494877682061,0.16065676036033125
42131,PA,Wyoming County,25967,30104.0,-36.819027371777835,-0.4654578946448952,0.0014000946592458,0.0014000946592458,Moderate,0.6318097262822217,0.18625502295185234,0.0014616446406793921,0.019769356352830243,0.49338649985921224,0.15986155710577554
37115,NC,Madison County,21867,13621.0,-23.383011526319656,-1.7050265997961462,0.0030488081566255,0.0030488081566255,Very Stable,0.7661698847368035,0.06750077967424545,0.003185652282000191,0.00833292281604223,0.6786251949714139,0.15885491667106702
26117,MI,Montcalm County,67816,34845.0,-38.96685320705983,-0.3313482578756878,8.88518182322269e-05,8.88518182322269e-05,Moderate,0.6103314679294017,0.19910311145600562,9.051940811026831e-05,0.023058814060645083,0.4637750093971492,0.1582732686834204
26157,MI,Tuscola County,52980,30717.0,-42.97945762932578,0.0581070849233646,0.0002685917953584,0.0002685917953584,Volatile,0.5702054237067422,0.23641405221493605,0.000278467826382351,0.020194675394148636,0.40845432388059766,0.1577333662457331
42001,PA,Adams County,106115,121300.0,-33.64550700741962,-1.417560048405159,0.0030611055930137,0.0030611055930137,Very Stable,0.6635449299258039,0.09504090119892891,0.003198511322904271,0.08304406319144698,0.5371389617472676,0.15750070633772
26031,MI,Cheboygan County,25865,16423.0,-31.11489983559641,-1.059519381295771,0.0004459326050556,0.0004459326050556,Stable,0.6888510016440358,0.12934222577133073,0.0004639075110345954,0.010277040195771648,0.5720277543582531,0.15589345552975142
26143,MI,Roscommon County,23737,16068.0,-32.93502613890964,-0.8832083526880912,0.0003791700772457,0.0003791700772457,Stable,0.6706497386109035,0.1462333288596801,0.00039409604392336774,0.010030729821109285,0.5469341681908099,0.15586303876232419
26127,MI,Oceana County,26915,14870.0,-30.00672494956288,-1.2435445330357924,0.0004338581591249,0.0004338581591249,Stable,0.6999327505043712,0.11171208752395828,0.0004512816442103563,0.00919951903562897,0.5873058600263376,0.15338749843241484
26129,MI,Ogemaw County,20885,12622.0,-41.9980985580732,-0.1013481141094624,0.0001668156498839,0.0001668156498839,Moderate,0.580019014419268,0.22113778602724377,0.00017204372493532675,0.007639784606781098,0.42198405441130404,0.15269110377336303
26007,MI,Alpena County,28880,17213.0,-28.635333759367924,-1.5930692582548251,0.019425751883122,0.019425751883122,Very Stable,0.7136466624063208,0.0782266146512505,0.020310505187512852,0.010825167508400572,0.6062128572703126,0.15249447402341604
26153,MI,Schoolcraft County,8128,4898.0,-31.951817068191083,-1.098438568086201,0.0061254641813124,0.0061254641813124,Stable,0.6804818293180892,0.12561365586062667,0.006402814332717809,0.0022806259197610994,0.5604894041608504,0.1519528376534778
42081,PA,Lycoming County,113489,119370.0,-41.4593281393985,-1.0605384803892537,0.0237036885325286,0.0237036885325286,Stable,0.585406718606015,0.12924459315026787,0.024783808453595572,0.08170496735173328,0.429411935597831,0.15127795901597876
26001,MI,Alcona County,10397,7483.0,-41.65441667780303,-0.220495987368661,0.0022922989683909,0.0022922989683909,Moderate,0.5834558332219697,0.20972307745301766,0.0023945945128252227,0.004074181746527891,0.42672230299386094,0.14987857789951575
26149,MI,St. Joseph County,60969,29307.0,-33.95434537823728,-1.1104298081716368,0.0001589602934857,0.0001589602934857,Stable,0.6604565462176272,0.12446486060919099,0.00016382962680528876,0.019216372215912204,0.5328810911501454,0.14876072687346575
42055,PA,Franklin County,157379,167768.0,-42.98912784321205,-1.1319856521060283,0.0033311268591302,0.0033311268591302,Stable,0.5701087215678795,0.12239974882958495,0.003480864034181161,0.11528505048668848,0.4083210032725877,0.14807560393361044
26023,MI,Branch County,45300,21089.0,-42.37754279482195,-0.4183424370005799,0.0009486945267329,0.0009486945267329,Moderate,0.5762245720517805,0.19076881915853058,0.0009896297763732033,0.013514460500488806,0.4167527599493417,0.144207220306643
26067,MI,Ionia County,66574,34021.0,-31.865612415860795,-1.5218915730616405,0.0011307993810795,0.0011307993810795,Very Stable,0.681343875841392,0.08504564138872933,0.0011800510720768598,0.022487096458611876,0.5616778842500324,0.14376605614929747
26015,MI,Barry County,63409,38625.0,-34.32750809061489,-1.3206554462983608,0.0003096561923168,0.0003096561923168,Very Stable,0.6567249190938511,0.10432464049106135,0.00032140756955484714,0.02568149917676828,0.5277363983557614,0.14334539850505146
26095,MI,Luce County,6271,2985.0,-46.93467336683417,0.0489826917647511,0.0003099822167017,0.0003099822167017,Volatile,0.5306532663316583,0.23553990913564116,0.0003217484829589757,0.0009533252247495439,0.353924840547861,0.14176570927719168
37113,NC,Macon County,37941,21934.0,-37.868149904258225,-1.2257651463417172,0.0132427345340517,0.0132427345340517,Stable,0.6213185009574178,0.11341540385004867,0.013845119192215597,0.014100748575389361,0.4789225329240163,0.1367955946817191
42059,PA,Greene County,34835,34472.0,-44.830587143188666,-0.5592951230735004,0.0011629940261997,0.0011629940261997,Moderate,0.5516941285681134,0.1772651468707623,0.0012137159958401748,0.022800014709239275,0.38293330488391675,0.1357696377142819
42039,PA,Crawford County,82716,85744.0,-39.24939354357157,-1.4611738735070718,0.0015422058449166,0.0015422058449166,Very Stable,0.6075060645642842,0.09086257145012522,0.00161024581996433,0.05837417113089766,0.4598797026444641,0.1342308162016459
26165,MI,Wexford County,34077,19476.0,-34.62723351817621,-1.506022847029484,0.0013227501860271,0.0013227501860271,Very Stable,0.6537276648182379,0.08656591093401317,0.0013807679674096626,0.01239530941786798,0.5236041654280833,0.13413462571214002
42013,PA,Blair County,121277,129898.0,-43.4571740904402,-1.534085628987944,0.0238890801572447,0.0238890801572447,Very Stable,0.565428259095598,0.08387741579704153,0.02497766662128535,0.08900963108256531,0.40186817699685706,0.13403368456444653
37199,NC,Yancey County,18797,11283.0,-34.33484002481609,-1.5215473783663005,0.0003064957607066,0.0003064957607066,Very Stable,0.6566515997518391,0.08507861622942625,0.00031810280601981443,0.00671074350347714,0.5276353149736263,0.13280785944092738
42115,PA,Susquehanna County,38219,44808.0,-44.728619889305484,-0.7694753515973914,0.0027579779865304,0.0027579779865304,Stable,0.5527138011069451,0.15712927712304744,0.002881540356934105,0.02997146268814123,0.38433909967239777,0.1322198538326626
37029,NC,Camden County,10927,6304.0,-50.66624365482233,0.0072461030649426,0.003446668763646,0.003446668763646,Moderate,0.4933375634517767,0.2315414240275247,0.003601682555164084,0.0032561537698323215,0.3024786961835664,0.13167262552621978
42031,PA,Clarion County,37179,39466.0,-53.07859930066387,0.0528873667687869,0.0002780002072731,0.0002780002072731,Volatile,0.4692140069933613,0.23591398821929524,0.0002883059056237808,0.02626501192350363,0.26922020519024914,0.13125656696112026
42023,PA,Cameron County,4427,4438.0,-50.292924740874255,-0.0374723888906177,0.0009373340531213,0.0009373340531213,Moderate,0.49707075259125744,0.22725726402039517,0.0009777504878573093,0.00196146318076198,0.30762554248650686,0.13043709112057472
37053,NC,Currituck County,30601,18053.0,-47.80922838309422,-0.4299061743957112,0.0041495848548808,0.0041495848548808,Moderate,0.5219077161690577,0.18966097989305622,0.004336699715163144,0.011407986423094617,0.3418675884666492,0.12920798319581114
37159,NC,Rowan County,149875,75394.0,-35.83706926280607,-2.1677430827691895,0.0301025390491643,0.0301025390491643,Very Stable,0.6416293073719394,0.023171211204836117,0.0314748843766605,0.05119300950341747,0.5069244891599812,0.12900323466346658
42015,PA,Bradford County,59858,62384.0,-47.9193382918697,-0.692928475426423,0.0036333147786137,0.0036333147786137,Stable,0.520806617081303,0.16446268778207085,0.0037968523991289663,0.04216625464607281,0.3403495331104265,0.128899489718007
42047,PA,Elk County,30506,34306.0,-46.988864921588075,-0.6186561371997478,0.0011560395237076,0.0011560395237076,Stable,0.5301113507841193,0.17157819117120415,0.0012064438921926823,0.02268483859038307,0.3531777163256081,0.1280818212371268
26123,MI,Newaygo County,50792,29201.0,-42.80332865312832,-0.9974896476190568,3.39755121111623e-05,3.39755121111623e-05,Stable,0.5719667134687169,0.13528485247114796,3.313698767728594e-05,0.019142826019534147,0.4108825661584822,0.12755595972484368
37009,NC,Ashe County,26950,16253.0,-44.28720851535101,-0.7873378541523903,0.0001029155225596,0.0001029155225596,Stable,0.5571279148464899,0.15541799805868578,0.00010522537962333088,0.010159088748750236,0.39042471819648217,0.12727642158899555
37023,NC,Burke County,87795,45847.0,-41.13246232032631,-1.3603281487485002,0.0013343258694281,0.0013343258694281,Very Stable,0.5886753767967369,0.10052388161528036,0.0013928722940064614,0.03069235417905446,0.4339183457195621,0.12496214024676178
26059,MI,Hillsdale County,45654,24828.0,-51.37747704204929,-0.2572181058969672,0.000765252472525,0.000765252472525,Moderate,0.4862252295795071,0.2062049929940788,0.0007978102130005319,0.016108698502918604,0.2926731149692,0.12462274807104343
37035,NC,Catawba County,163573,87109.0,-37.8927550540128,-1.9375325733561133,0.0018995626566974,0.0018995626566974,Very Stable,0.621072449459872,0.04522603940943043,0.0019839225534703533,0.059321251867275486,0.4785833084183292,0.12461076711168143
26141,MI,Presque Isle County,13209,8742.0,-28.963623884694584,-2.3750096844719684,0.0012231074690456,0.0012231074690456,Very Stable,0.7103637611530541,0.003314475277535256,0.001276574724768604,0.004947716286527655,0.601686810625742,0.12288777746123306
26133,MI,Osceola County,23227,13184.0,-47.88379854368932,-0.638852866123039,0.0001555164506026,0.0001555164506026,Stable,0.5211620145631067,0.16964328651444632,0.0001602285090517138,0.008029718213993066,0.3408395099497865,0.12110837462505239
37161,NC,Rutherford County,64930,34670.0,-47.71271993077589,-0.8873767499339291,0.0038588870149309,0.0038588870149309,Stable,0.5228728006922411,0.14583398442757817,0.004032726163551187,0.022937393453417155,0.34319812424305574,0.11913235008112669
26079,MI,Kalkaska County,18239,11529.0,-42.87449041547403,-1.2366309071652295,0.0001338920469128,0.0001338920469128,Stable,0.5712550958452597,0.11237443274544642,0.00013761655296627446,0.006881426185637538,0.4099014783010083,0.11744738616848654
26063,MI,Huron County,31113,18969.0,-40.603089250883016,-1.513787106219849,0.0010501852932798,0.0010501852932798,Very Stable,0.5939691074911698,0.0858220725965888,0.0010957554660873,0.012043536572927645,0.4412166682088412,0.11727477843049862
37043,NC,Clay County,11610,7728.0,-49.97412008281573,-1.6559463972611352,0.1144238248793248,0.1144238248793248,Very Stable,0.5002587991718427,0.07220280408623295,0.11964699028119112,0.004244170596646987,0.31202081557443007,0.11503779456021543
37005,NC,Alleghany County,11174,6496.0,-51.831896551724135,-0.4450396954071871,0.0005856145726065,0.0005856145726065,Moderate,0.4816810344827587,0.18821114510102321,0.0006099685336411303,0.003389369521762389,0.2864081568168808,0.11474480940753401
26151,MI,Sanilac County,40462,23339.0,-47.658425810874505,-1.0625046298085978,0.0009160799655931,0.0009160799655931,Stable,0.523415741891255,0.12905623038707886,0.0009555257596882531,0.015075582593419281,0.34394666250309347,0.11151397870501924
26119,MI,Montmorency County,9516,6391.0,-45.32936942575497,-1.268945852588974,0.0010927427564406,0.0010927427564406,Stable,0.5467063057424503,0.10927856813188658,0.0011402564614397693,0.003316517157425634,0.3760567292509026,0.10910910969446286
37059,NC,Davie County,44122,26850.0,-46.21973929236499,-1.3416004077408326,0.002639852418862,0.002639852418862,Very Stable,0.5378026070763501,0.10231805300926794,0.0027580201809791326,0.017511626890432123,0.3637814421304415,0.10851911609672149
42033,PA,Clearfield County,78635,80860.0,-51.531041305960926,-1.2447129607384817,0.0019979366035783,0.0019979366035783,Stable,0.4846895869403907,0.1116001487931071,0.0020867890832822937,0.05498549544117658,0.2905559662407343,0.10585930901719372
37057,NC,Davidson County,172954,93452.0,-46.87861147969011,-1.870946691820252,0.0058411995197687,0.0058411995197687,Very Stable,0.531213885203099,0.05160515816412564,0.006105567752619032,0.06372222850525681,0.3546977505339417,0.103878046620495
37193,NC,Wilkes County,65935,36320.0,-59.520925110132154,-0.273386971307511,6.567581997056189e-05,6.567581997056189e-05,Moderate,0.40479074889867844,0.2046559692340345,6.628499857710839e-05,0.024082216321566173,0.18040161192869364,0.1035142384859849
42123,PA,Warren County,37920,41446.0,-39.246248130096994,-2.299459459001967,0.0004366112816429,0.0004366112816429,Very Stable,0.60753751869903,0.010552403935993826,0.000454160497489636,0.02763879936528245,0.45992306760430934,0.10217357466735305
37063,NC,Durham County,332353,180912.0,61.68579198726452,-0.9855385811505932,1.7363841036899252e-05,0.9999826361589632,Stable,0.3831420801273548,0.1364297989746575,1.5766687796407554e-05,0.12440477883756768,0.15055518125875778,0.10214511232548983
42099,PA,Perry County,46239,51450.0,-49.32167152575316,-1.3944494059910402,3.913419830940836e-05,3.913419830940836e-05,Very Stable,0.5067832847424684,0.09725496713988308,3.853126293438001e-05,0.034579895106472,0.3210159463280875,0.10203428599993403
42121,PA,Venango County,49801,53464.0,-42.11806075115966,-2.10922398721495,0.0010455220821849,0.0010455220821849,Very Stable,0.5788193924884034,0.028777508686334524,0.0010908792934997177,0.0359772728376551,0.42033016829165903,0.10196632429702088
37109,NC,Lincoln County,92716,55582.0,-45.59209816127524,-1.8233775363366072,0.002961163174982,0.002961163174982,Very Stable,0.5440790183872476,0.056162419927301394,0.0030940046923389436,0.037446809101133655,0.3724345596512214,0.10147084135680286
37111,NC,McDowell County,44817,23655.0,-49.07630522088354,-1.2795988031109162,4.5885899480944086e-05,4.5885899480944086e-05,Stable,0.5092369477911646,0.10825798486558617,4.559130364499566e-05,0.015294833518470849,0.32439874481994213,0.10119225062919325
37011,NC,Avery County,17680,9489.0,-52.28158920855728,-1.002597466213787,0.0012433428890195,0.0012433428890195,Stable,0.4771841079144272,0.13479550877483185,0.001297734264443498,0.005466008821380573,0.28020836649872116,0.0981712617036498
42113,PA,Sullivan County,5888,7442.0,-46.89599570008062,-1.5751688573677032,0.0003968358159436,0.0003968358159436,Very Stable,0.5310400429991938,0.07994152448471278,0.0004125685490330546,0.004045734632834492,0.35445807901689963,0.09598864894426065
37171,NC,Surry County,71425,37508.0,-53.1939852831396,-1.1638955621099556,0.0007528408580679,0.0007528408580679,Stable,0.46806014716860406,0.11934268777292449,0.0007848317796953059,0.024906488786633464,0.2676294100413086,0.09575151848172125
26113,MI,Missaukee County,15207,9152.0,-55.95498251748252,-0.771747152277941,0.0002790748183875,0.0002790748183875,Stable,0.4404501748251748,0.1569116320908882,0.0002894295925321602,0.005232187423461653,0.22956429231736908,0.09436675234473874
42083,PA,McKean County,39904,39364.0,-47.18016461741693,-1.8058405252692011,0.0002883371022052,0.0002883371022052,Very Stable,0.5281983538258307,0.05784251597200324,0.0002991148702369737,0.02619424105529078,0.35054031946345143,0.0940841576656732
26135,MI,Oscoda County,8425,5192.0,-44.33744221879815,-1.9174290227233517,6.34831214639592e-05,6.34831214639592e-05,Very Stable,0.5566255778120185,0.04715201731825103,6.399216298954048e-05,0.0024846125399040154,0.38973215979343834,0.09272918832988636
37169,NC,Stokes County,45139,27175.0,-59.495860165593385,-0.6057908863243743,0.0001116614063376,0.0001116614063376,Moderate,0.40504139834406616,0.17281071916737933,0.00011437067411345245,0.017737122303855414,0.18074717549998032,0.09245552409470209
42061,PA,Huntingdon County,43653,46312.0,-52.94092243910866,-1.3661196832838138,0.0003356042886288,0.0003356042886288,Very Stable,0.4705907756089134,0.09996903596751663,0.0003485406744822423,0.03101498607826009,0.2711183186246904,0.09205525620337865
42053,PA,Forest County,6715,5300.0,-44.45283018867926,-1.9530063856154265,0.0017691445951834,0.0017691445951834,Very Stable,0.5554716981132074,0.043743603738186004,0.0018475485048720234,0.0025595464003646783,0.3881413372446805,0.09185312229670108
37027,NC,Caldwell County,80536,43540.0,-52.51033532384015,-1.4148928127146745,0.0004327231410688,0.0004327231410688,Very Stable,0.4748966467615985,0.09529643004113847,0.0004500947916705649,0.029091683659769742,0.2770547060390761,0.09138531483301685
42117,PA,Tioga County,40945,43174.0,-51.75337008384676,-1.49438316202707,0.0004514437147024,0.0004514437147024,Very Stable,0.4824662991615324,0.08768102619846535,0.00046967030436305434,0.028837741132653052,0.287490779865907,0.09112931669197502
37003,NC,Alexander County,36412,20677.0,-59.699182666731154,-0.6088792985920926,3.234538465898604e-05,3.234538465898604e-05,Stable,0.40300817333268846,0.1725148403990158,3.1432414876526335e-05,0.013228601699472202,0.1779440234919064,0.0906582653466732
37039,NC,Cherokee County,29562,17824.0,-57.209380610412936,-0.9583988258860952,0.0029663936578109,0.0029663936578109,Stable,0.42790619389587065,0.13902986550245972,0.0030994740430655265,0.011249098885636358,0.21227024707670272,0.08775015229825392
37135,NC,Orange County,149678,87807.0,50.836493673625114,-2.069173810291498,0.0003647304349834,0.9996352695650166,Very Stable,0.49163506326374884,0.03261443070115619,0.0003789969659830779,0.059805546632104585,0.3001315054918766,0.08485676620824409
42005,PA,Armstrong County,64622,74238.0,-53.18839408389235,-1.7969155969191424,0.000627732931059,0.000627732931059,Very Stable,0.4681160591610765,0.058697549749569256,0.0006540103710661293,0.050390939663671856,0.2677064943842109,0.08391180131039747
37167,NC,Stanly County,64651,36714.0,-50.76265184943074,-1.82776445383286,0.0011194712128894,0.0011194712128894,Very Stable,0.4923734815056926,0.05574214062739341,0.0011682055643200916,0.024355586145839332,0.3011495426329309,0.08333349864234407
42105,PA,Potter County,16188,18170.0,-62.28948816730875,-0.6487018015204254,0.0005219434942536,0.0005219434942536,Stable,0.3771051183269125,0.16869973020704188,0.0005433896976056448,0.011489164771927001,0.14223218626367407,0.08206449493223053
42109,PA,Snyder County,39668,40076.0,-47.03563229863259,-2.276824142755314,2.509385456912885e-05,2.509385456912885e-05,Very Stable,0.5296436770136741,0.012720932264476098,2.3849718849563227e-05,0.026688249468698112,0.3525329472216423,0.0810008939205582
37075,NC,Graham County,8072,4779.0,-63.695333751830916,-0.6654143369999269,6.284186649935528e-05,6.284186649935528e-05,Stable,0.3630466624816908,0.16709862129240838,6.332162292253121e-05,0.00219805990684611,0.12285017565863543,0.07526496690189176
37121,NC,Mitchell County,14992,8842.0,-55.73399683329564,-1.4779695709076723,0.002684009565475,0.002684009565475,Very Stable,0.4426600316670436,0.08925349538452335,0.0028041939148029434,0.0050170994906578986,0.2326109618247657,0.07525356433167535
42111,PA,Somerset County,72799,81762.0,-57.23196594995229,-1.9152324630153403,0.0002380842423401,0.0002380842423401,Very Stable,0.4276803405004771,0.04736245404907116,0.0002465670415551883,0.05561133194243137,0.21195886914495143,0.07056498478970827
42087,PA,Mifflin County,46041,44142.0,-56.40433147569209,-1.902374299854332,1.9565647575279665e-05,1.9565647575279665e-05,Very Stable,0.4359566852430791,0.04859430302184692,1.8069047365193035e-05,0.02950937054863381,0.2233692404786275,0.06663399890127933
37151,NC,Randolph County,146348,76008.0,-57.10714661614567,-2.06418803520483,0.0012875097111235,0.0012875097111235,Very Stable,0.4289285338385433,0.03309208227876467,0.0013439181156227162,0.051619022376777166,0.2136797193422909,0.06590430367518756
42065,PA,Jefferson County,43864,46258.0,-58.48934238402006,-2.1951427291293584,0.0002771868304264,0.0002771868304264,Very Stable,0.4151065761597994,0.020546246363392445,0.00028745538313990917,0.03097751914802976,0.1946237623253,0.05290487000687015
37197,NC,Yadkin County,37574,20397.0,-62.26405843996666,-1.8463165500732648,0.0001178422083972,0.0001178422083972,Very Stable,0.37735941560033337,0.05396479650674316,0.00012083374365050475,0.01303432872790752,0.14258277899622873,0.0479947853691582
42067,PA,Juniata County,23379,24208.0,-61.39292795769994,-2.4096065099380355,2.28574604713819e-06,2.28574604713819e-06,Very Stable,0.3860707204230006,0.0,0.0,0.015678522637311093,0.15459281795893942,0.03483819425111566
42009,PA,Bedford County,47513,56320.0,-68.61505681818181,-1.915456963550064,0.0002194393815596,0.0002194393815596,Very Stable,0.31384943181818187,0.047340946252846766,0.00022707069940233358,0.03795885714761485,0.05502329218318186,0.0347534242742447
42057,PA,Fulton County,14531,16354.0,-72.60609025314909,-1.6591035845773303,5.267270922977378e-05,5.267270922977378e-05,Very Stable,0.2739390974685091,0.07190033647063218,5.268805628623291e-05,0.01022916578492178,0.0,0.024140564401491656
