county_fips,county_name,dem_margin_2016,dem_margin_2020,dem_margin_2024,d_16_20,d_20_24,swing_dir_score,swing_mag_16_20,swing_mag_20_24,z_swing_mag_16_20,z_swing_mag_20_24,vol_z_abs_sum,vol_z_euc
26001,Alcona County,-0.6962848004455298,-0.6334089625368875,-0.7711088615555544,0.06287583790864226,-0.13769989901866686,-86.57996530734106,0.06287583790864226,0.13769989901866686,-0.5910311100953061,0.370535122726645,-0.22049598736866105,0.6975772719022171
26003,Alger County,0.1028938266787889,0.1714663628734409,0.1279392020131628,0.06857253619465199,-0.04352716086027808,-29.847678135418583,0.06857253619465199,0.04352716086027808,-0.5326309584950952,-0.7806492631160666,-1.3132802216111619,0.9450444486642211
26005,Allegan County,-0.2472551498148844,-0.0964207041325878,-0.1770214151287779,0.1508344456822966,-0.0806007109961901,-121.5736356470932,0.1508344456822966,0.0806007109961901,0.31068349205242096,-0.32745555887824296,-0.016772066825821996,0.4513882755169314
26007,Alpena County,-0.2367378090599217,-0.1935994487400849,-0.2355683390751148,0.04313836031983681,-0.0419688903350299,-18.104691134962366,0.04313836031983681,0.0419688903350299,-0.7933714176771205,-0.7996978405777047,-1.5930692582548251,1.1264789579089562
26009,Antrim County,-0.2754704106656353,-0.0346389453271215,-0.0349236261834353,0.24083146533851382,-0.0002846808563138001,-0.6856010777987538,0.24083146533851382,0.0002846808563138001,1.2332950343203049,-1.3092530688369373,-0.07595803451663241,1.7986551197875762
26011,Arenac County,-0.4291770814620477,-0.5267945965896488,-0.7272197394132344,-0.09761751512760108,-0.2004251428235856,195.65004411532973,0.09761751512760108,0.2004251428235856,-0.23487406709102376,1.1372997159463176,0.9024256488552939,1.1612994752790744
26013,Baraga County,-0.2386644897629796,-0.1109868434081423,-0.2835377057760666,0.1276776463548373,-0.17255086236792427,-220.30887983634042,0.1276776463548373,0.17255086236792427,0.07328973809137883,0.7965595287682774,0.8698492668596562,0.7999240392568804
26015,Barry County,-0.4258821117144292,-0.395100058023823,-0.4697161691875729,0.030782053690606215,-0.07461611116374994,-22.968371400267927,0.030782053690606215,0.07461611116374994,-0.9200430692437707,-0.4006123770545903,-1.3206554462983608,1.0034787122369997
26017,Bay County,0.4231995915733633,0.4662444499174646,0.3371046392617889,0.04304485834410132,-0.1291398106556757,-55.58804856257627,0.04304485834410132,0.1291398106556757,-0.7943299605529618,0.2658950723509672,-0.5284348882019946,0.8376516434249955
26019,Benzie County,0.3668267358523367,0.5662880932582468,0.5853056560875566,0.1994613574059101,0.019017562829309775,37.932688964863075,0.1994613574059101,0.019017562829309775,0.8091861112771898,-1.0802589708541719,-0.27107285957698213,1.3497190844004596
26021,Berrien County,0.4197002567648423,0.6387435374945977,0.6184784848133025,0.21904328072975537,-0.020265052681295193,-44.38923623472224,0.21904328072975537,0.020265052681295193,1.0099317420480445,-1.0650094318985615,-0.055077689850516975,1.4677217766419814
26023,Branch County,-0.6238257979109807,-0.6410793815734249,-0.8008546847409338,-0.017253583662444227,-0.15977530316750888,27.566965603930043,0.017253583662444227,0.15977530316750888,-1.0587312463065888,0.6403888093060088,-0.41834243700057994,1.2373397589143698
26025,Calhoun County,0.4299575801361193,0.486567005794474,0.3648174526998115,0.056609425658354695,-0.12174955309466251,-68.92172274850205,0.056609425658354695,0.12174955309466251,-0.655271729315909,0.17555524282104942,-0.47971648649485965,0.6783809272986819
26027,Cass County,-0.3271133941242606,-0.2452905098512623,-0.4531240398495768,0.0818228842729983,-0.20783352999831448,-170.05538873100807,0.0818228842729983,0.20783352999831448,-0.3967939705276292,1.227861165115199,0.8310671945875697,1.290383081044205
26029,Charlevoix County,-0.0549427196414592,0.2401479536251897,0.2468644151382245,0.2950906732666489,0.006716461513034788,19.81965149850971,0.2950906732666489,0.006716461513034788,1.789537582129522,-1.2306298323252267,0.5589077498042954,2.1718412792059163
26031,Cheboygan County,-0.3757672155222313,-0.288748689606275,-0.3375653937300054,0.08701852591595632,-0.0488167041237304,-42.47957632922407,0.08701852591595632,0.0488167041237304,-0.343530440606396,-0.715988940689375,-1.059519381295771,0.7941368438831672
26033,Chippewa County,-0.053825444977464,0.0019912107867176,-0.0550626578955326,0.0558166557641816,-0.0570538686822502,-31.84556148251981,0.0558166557641816,0.0570538686822502,-0.6633988723870969,-0.6152963686263605,-1.2786952410134576,0.904813619000763
26035,Clare County,-0.3652241120782128,-0.4881950800305694,-0.6040237947496834,-0.12297096795235657,-0.11582871471911399,142.4356916568682,0.12297096795235657,0.11582871471911399,0.02503885337920154,0.10317785609193025,0.12821670947113178,0.10617256786134646
26037,Clinton County,0.4218734372611345,0.6737040027608726,0.5884045822877335,0.2518305654997381,-0.0852994204731391,-214.81001294550558,0.2518305654997381,0.0852994204731391,1.3460531767795811,-0.27001769427694666,1.0760354825026344,1.3728687883192046
26039,Crawford County,-0.4063819961134368,-0.3213739190376586,-0.4461302088194315,0.08500807707577818,-0.12475628978177289,-106.05292297457066,0.08500807707577818,0.12475628978177289,-0.3641407153929711,0.21231012957734557,-0.15183058581562553,0.4215139994449224
26041,Delta County,-0.0998204941073997,-0.1469504470710421,-0.3076509640362408,-0.047129952963642405,-0.16070051696519871,75.73807805802834,0.047129952963642405,0.16070051696519871,-0.7524512909965454,0.6516987881628985,-0.1007525028336469,0.9954367161278301
26043,Dickinson County,-0.5127676885219914,-0.4316403417846173,-0.551591870721968,0.0811273467373741,-0.11995152893735073,-97.31349279778615,0.0811273467373741,0.11995152893735073,-0.4039243284094651,0.1535758741020042,-0.2503484543074609,0.4321347153229327
26045,Eaton County,0.7469191017277914,0.9104378766743652,0.8132798779921698,0.16351877494657374,-0.09715799868219532,-158.87156920773404,0.16351877494657374,0.09715799868219532,0.4407178935231806,-0.1250563143752611,0.3156615791479195,0.45811717216955933
26047,Emmet County,0.1451124860228346,0.4836425384485147,0.4995124161612132,0.3385300524256801,0.015869877712698544,53.724305340689696,0.3385300524256801,0.015869877712698544,2.2348598022893365,-1.1187368364090406,1.1161229658802958,2.4992339716455603
26049,Genesee County,1.3316188970534977,1.3265667464636302,1.114925536556417,-0.005052150589867521,-0.21164120990721313,10.692432634730027,0.005052150589867521,0.21164120990721313,-1.1838151993971473,1.2744069249935919,0.09059172559644457,1.7394054837200355
26051,Gladwin County,-0.4857695187136381,-0.5700408249264441,-0.7330132511006985,-0.08427130621280604,-0.16297242617425434,137.33899230374513,0.08427130621280604,0.16297242617425434,-0.3716937799809027,0.6794710124675406,0.3077772324866379,0.7744915253636778
26053,Gogebic County,0.3288857143184546,0.4297766272906106,0.2391587756839954,0.10089091297215602,-0.1906178516066152,-192.31609077382365,0.10089091297215602,0.1906178516066152,-0.2013165710166239,1.0174136349299618,0.8160970639133379,1.037139752544125
26055,Grand Traverse County,0.4282091276334923,0.8181281770864601,0.8713118469700554,0.38991904945296785,0.05318366988359524,207.3732600743189,0.38991904945296785,0.05318366988359524,2.7616781567643707,-0.6626063705891944,2.0990717861751764,2.840055183248177
26057,Gratiot County,-0.1104499308759198,-0.220926808716429,-0.345091622632106,-0.1104768778405092,-0.12416481391567702,137.1734097905181,0.1104768778405092,0.12416481391567702,-0.10304529642218674,0.20507982285623103,0.10203452643404429,0.2295126725422355
26059,Hillsdale County,-0.9753625637688728,-1.0266693263037945,-1.171067357879748,-0.051306762534921724,-0.14439803157595343,74.08595516577572,0.051306762534921724,0.14439803157595343,-0.7096323983816825,0.45241429248471526,-0.2572181058969672,0.8415799622599057
26061,Houghton County,0.2954656087601018,0.3580389538686042,0.2416885037739632,0.06257334510850238,-0.11635045009464098,-72.80436867301553,0.06257334510850238,0.11635045009464098,-0.5941321388841267,0.10955564258931645,-0.4845764962948103,0.6041485225324856
26063,Huron County,-0.6374636498792717,-0.6732020616877871,-0.727862463707246,-0.035738411808515336,-0.05466040201945899,19.534759569904285,0.035738411808515336,0.05466040201945899,-0.8692325732444158,-0.644554532975433,-1.5137871062198487,1.0821348401970465
26065,Ingham County,2.047809616454292,2.2676896283584296,2.1638359478179887,0.21988001190413753,-0.10385368054044086,-228.35348513520634,0.21988001190413753,0.10385368054044086,1.0185095576491527,-0.0432071024003626,0.9753024552487901,1.0194256092135945
26067,Ionia County,-0.3264452377897767,-0.3036195540210582,-0.3684459872392563,0.022825683768718463,-0.06482643321819809,-14.797076644925355,0.022825683768718463,0.06482643321819809,-1.0016084227691142,-0.5202831502925261,-1.5218915730616405,1.1286779828810112
26069,Iosco County,-0.2891485881774622,-0.2320215828840892,-0.3156826043784999,0.057127005293373,-0.08366102149441068,-47.79303617760191,0.057127005293373,0.08366102149441068,-0.649965720882132,-0.2900457762779242,-0.9400114971600562,0.7117457345558829
26071,Iron County,-0.2207094534732741,-0.1016308434736354,-0.2635468976452453,0.1190786099996387,-0.16191605417160992,-192.8073866738151,0.1190786099996387,0.16191605417160992,-0.01486396104213821,0.6665577322670613,0.6516937712249231,0.6667234417529277
26073,Isabella County,0.7910393101163024,0.8384645935327306,0.6343180910660055,0.047425283416428266,-0.20414650246672517,-96.81705737957014,0.047425283416428266,0.20414650246672517,-0.7494236875762957,1.182790281465208,0.4333665938889123,1.4002245225066583
26075,Jackson County,0.1159507766260153,0.1600993355394852,0.0663746182851221,0.04414855891346989,-0.09372471725436309,-41.37811201352556,0.04414855891346989,0.09372471725436309,-0.7830152871515884,-0.1670253602925288,-0.9500406474441172,0.8006312577547379
26077,Kalamazoo County,1.4671733782616632,1.7128513357865016,1.6715478764261076,0.24567795752483845,-0.041303459360394035,-101.47349534371777,0.24567795752483845,0.041303459360394035,1.2829792310603165,-0.8078321877660439,0.4751470432942726,1.5161228680166372
26079,Kalkaska County,-0.8440675027004685,-0.773321727536339,-0.8212966459817349,0.0707457751641295,-0.04797491844539592,-33.94022793855429,0.0707457751641295,0.04797491844539592,-0.5103518278638199,-0.7262790793014098,-1.2366309071652297,0.8876600076802185
26081,Kent County,0.8155855472648486,1.194980878894886,1.1629598825358831,0.37939533163003736,-0.032020996359002796,-121.48616532748085,0.37939533163003736,0.032020996359002796,2.653793433824713,-0.921302674855331,1.7324907589693819,2.809166817422338
26083,Keweenaw County,0.1190727671992045,0.4403782758378839,0.4163498841970932,0.3213055086386794,-0.024028391640790736,-77.2045459791366,0.3213055086386794,0.024028391640790736,2.058281033693553,-1.0190057037121902,1.0392753299813626,2.2967136168579176
26085,Lake County,0.0004413259834588,-0.1362846549656365,-0.3812314016034917,-0.1367259809490953,-0.24494674663785523,334.9058421435027,0.1367259809490953,0.24494674663785523,0.1660494535447728,1.681539759784281,1.8475892133290537,1.6897184335734443
26087,Lapeer County,-0.6329346060839555,-0.5510930008642574,-0.694476987181236,0.08184160521969808,-0.14338398631697857,-117.34775602980751,0.08184160521969808,0.14338398631697857,-0.3966020512665984,0.4400184219653053,0.04341637069870685,0.5923760619215728
26089,Leelanau County,0.8127288683910147,1.1562982162794866,1.2612398396978206,0.34356934788847193,0.10494162341833402,360.5472512419462,0.34356934788847193,0.10494162341833402,2.286520537018442,-0.02990789417714052,2.2566126428413016,2.2867161276252057
26091,Lenawee County,0.075573538211035,0.1236540133936164,-0.0054274975848359,0.04808047518258139,-0.1290815109784523,-62.06300385129583,0.04808047518258139,0.1290815109784523,-0.7427069375310069,0.2651824066747673,-0.47752453085623964,0.7886287490743086
26093,Livingston County,-0.2736826393331623,0.0121948156938869,-0.0426103426168253,0.2858774550270492,-0.0548051583107122,-156.6755918022094,0.2858774550270492,0.0548051583107122,1.6950875489866695,-0.642785006194095,1.0523025427925745,1.8128690970165433
26095,Luce County,-0.7722773485656718,-0.794343725473396,-0.9883124421603297,-0.022066376907724283,-0.1939687166869336,42.80186810721466,0.022066376907724283,0.1939687166869336,-1.0093925169174813,1.0583752086822324,0.04898269176475112,1.4625427636695507
26097,Mackinac County,-0.1769414255017853,-0.0380916020629326,-0.0811980075043466,0.1388498234388527,-0.043106405441413996,-59.853167846239316,0.1388498234388527,0.043106405441413996,0.18782219226983524,-0.7857926525717326,-0.5979704603018974,0.8079277620831993
26099,Macomb County,0.4680472711628326,0.610183284871061,0.3793694383686284,0.14213601370822837,-0.23081384650243258,-328.06960050518677,0.14213601370822837,0.23081384650243258,0.22151083089582513,1.5087766620902414,1.7302874929860665,1.5249505120732048
26101,Manistee County,0.3102539664714975,0.3209008284520227,0.2864777521112859,0.010646861980525224,-0.034423076340736825,-3.6649774274490823,0.010646861980525224,0.034423076340736825,-1.1264605744951681,-0.8919392197557595,-2.0183997942509277,1.436826015086899
26103,Marquette County,1.1164876577136047,1.4012212175452006,1.3016159171049633,0.2847335598315959,-0.0996053004402373,-283.6097177244439,0.2847335598315959,0.0996053004402373,1.6833608172070897,-0.09514006019812399,1.5882207570089657,1.6860472330165084
26105,Mason County,0.0392531712504404,0.1305655974448974,0.0640376576406932,0.09131242619445701,-0.0665279398042042,-60.74827593240674,0.09131242619445701,0.0665279398042042,-0.2995111833751557,-0.49948362961888526,-0.798994812994041,0.582400931681983
26107,Mecosta County,-0.1305948891062432,-0.2090977269321582,-0.2935879340552348,-0.078502837825915,-0.08449020712307662,66.32721027660851,0.078502837825915,0.08449020712307662,-0.43082968842857117,-0.2799096629254596,-0.7107393513540308,0.5137739189862639
26109,Menominee County,-0.2659563397492373,-0.297870772462795,-0.4406846072642206,-0.03191443271355765,-0.14281383480142562,45.57822521335236,0.03191443271355765,0.14281383480142562,-0.9084343964145161,0.4330487879172307,-0.47538560849728534,1.0063718524012826
26111,Midland County,0.1477304874377696,0.3405059884853424,0.3171561761160275,0.19277550104757282,-0.023349812369314937,-45.01271778861501,0.19277550104757282,0.023349812369314937,0.7406455277144212,-1.027300778031529,-0.2866552503171079,1.2664527966993315
26113,Missaukee County,-1.2057597678814722,-1.257003128498381,-1.3593632378068452,-0.051243360616908706,-0.10236010930846429,52.452759940798295,0.051243360616908706,0.10236010930846429,-0.7102823681427276,-0.06146478413521335,-0.771747152277941,0.712936857080085
26115,Monroe County,0.0334944535631009,0.0108284602954399,-0.1735615944812017,-0.022665993267661,-0.1843900547766416,41.79383740191001,0.022665993267661,0.1843900547766416,-1.0032455025305216,0.9412839331811579,-0.0619615693493637,1.375687821132654
26117,Montcalm County,-0.4540705647484441,-0.6097636749274574,-0.6605558253441404,-0.15569311017901333,-0.050792150416682946,79.07987871053635,0.15569311017901333,0.050792150416682946,0.3604924741920686,-0.6918407320677564,-0.33134825787568783,0.7801271835394331
26119,Montmorency County,-0.873375937376312,-0.8430497089044611,-0.9222781971423404,0.030326228471850958,-0.07922848823787931,-24.027012357812843,0.030326228471850958,0.07922848823787931,-0.9247159974105794,-0.3442298551783944,-1.2689458525889739,0.9867086039268033
26121,Muskegon County,1.0043490903200636,0.965040917240028,0.8686611336404912,-0.039308173080035536,-0.0963797835995368,37.885132151469634,0.039308173080035536,0.0963797835995368,-0.8326368841335278,-0.13456935466168693,-0.9672062387952147,0.843441220259985
26123,Newaygo County,-0.6857936333014305,-0.7211676532459151,-0.8183694038997841,-0.035374019944484636,-0.09720175065386893,34.38416666268782,0.035374019944484636,0.09720175065386893,-0.8729681651667647,-0.12452148245229226,-0.9974896476190569,0.8818044097115552
26125,Oakland County,1.275747051211054,1.519988605229092,1.3777428340055415,0.24424155401803804,-0.14224577122355053,-347.423282161343,0.24424155401803804,0.14224577122355053,1.2682538272659414,0.4261046771925762,1.6943585044585177,1.3379211360540268
26127,Oceana County,-0.1799876504485806,-0.2125463375616998,-0.2919805732642153,-0.03255868711311921,-0.07943423570251548,25.862744263079644,0.03255868711311921,0.07943423570251548,-0.9018297716451301,-0.3417147613906623,-1.2435445330357924,0.9643992509214142
26129,Ogemaw County,-0.5613568745861639,-0.7083054969978543,-0.7852462301305962,-0.14694862241169038,-0.07694073313274197,113.06334741201934,0.14694862241169038,0.07694073313274197,0.2708476684399358,-0.3721957825493982,-0.10134811410946243,0.460313110878789
26131,Ontonagon County,-0.1262512630866826,-0.1033305374993133,-0.3063759045669081,0.02292072558736931,-0.2030453670675948,-46.539471403430134,0.02292072558736931,0.2030453670675948,-1.000634094072227,1.1693298055040484,0.1686957114318215,1.5390259205938936
26133,Osceola County,-0.8532637622361772,-0.9640978923490766,-1.027354746161067,-0.11083413011289944,-0.06325685381199042,70.11018365930805,0.11083413011289944,0.06325685381199042,-0.09938289658641736,-0.5394699695366216,-0.638852866123039,0.5485479087242517
26135,Oscoda County,-0.8745429485804516,-0.8502425303414987,-0.8814752298362477,0.024300418238952903,-0.03123269949474905,-7.58967660453935,0.024300418238952903,0.03123269949474905,-0.9864900660811258,-0.9309389566422257,-1.9174290227233515,1.3563959567437747
26137,Otsego County,-0.602923441533556,-0.4614344230774893,-0.5105533891557774,0.14148901845606676,-0.04911896607828814,-69.49794297993827,0.14148901845606676,0.04911896607828814,0.21487810805992416,-0.7122940365236288,-0.49741592846370464,0.7439995939451426
26139,Ottawa County,-0.3111224348257754,0.0595359156590818,0.1017044677430295,0.3706583504848572,0.04216855208394771,156.30125957770844,0.3706583504848572,0.04216855208394771,2.5642255828012903,-0.7972571396668142,1.766968443134476,2.6853066465940767
26141,Presque Isle County,-0.247594046784189,-0.2561101019196931,-0.2490725671643036,-0.008516055135504075,0.007037534755389485,-0.5993203399492304,0.008516055135504075,0.007037534755389485,-1.1483047088572786,-1.2267049756146895,-2.3750096844719684,1.6803002117424242
26143,Roscommon County,-0.2733144555790651,-0.2913204752833203,-0.4124363656382113,-0.018006019704255194,-0.12111589035489101,21.808151082285793,0.018006019704255194,0.12111589035489101,-1.051017588902766,0.1678092362146748,-0.8832083526880912,1.0643297947262098
26145,Saginaw County,0.8955514098208593,0.9544073448289282,0.8077867781362893,0.05885593500806885,-0.1466205666926389,-86.29490544108178,0.05885593500806885,0.1466205666926389,-0.6322414616050848,0.4795829590579671,-0.15265850254711766,0.7935547116559322
26147,St. Clair County,-0.3495597356303014,-0.3007652327131064,-0.4824463698937166,0.048794502917195004,-0.18168113718061019,-88.65040778158588,0.048794502917195004,0.18168113718061019,-0.735387025916485,0.9081696402332241,0.17278261431673914,1.1685744192509249
26149,St. Joseph County,-0.3316840793822834,-0.3630011476871886,-0.4543661053459835,-0.031317068304905216,-0.09136495765879488,28.612826196752522,0.031317068304905216,0.09136495765879488,-0.9145583247453437,-0.19587148342629315,-1.1104298081716368,0.9352981168486475
26151,Sanilac County,-0.8896996198369099,-0.9320588549078624,-1.0180840293340323,-0.04235923507095252,-0.08602517442616986,36.43960585537822,0.04235923507095252,0.08602517442616986,-0.801358681591402,-0.2611459482171958,-1.0625046298085978,0.8428362491208884
26153,Schoolcraft County,-0.2330810609677442,-0.358889732571109,-0.3719920192323268,-0.1258086716033648,-0.013102286661217766,16.48381279814293,0.1258086716033648,0.013102286661217766,0.05412979607882522,-1.1525683641650262,-1.098438568086201,1.1538387534216294
26155,Shiawassee County,0.1363122535441809,0.1241350046019082,-0.0063318000949315,-0.012177248942272692,-0.1304668046968397,15.88726759496289,0.012177248942272692,0.1304668046968397,-1.1107716919028547,0.28211648472749823,-0.8286552071753566,1.1460381592633517
26157,Tuscola County,-0.600137025648071,-0.6760920149507749,-0.8256144767307719,-0.07595498930270383,-0.14952246177999706,113.56976985013621,0.07595498930270383,0.14952246177999706,-0.456949158433736,0.5150562433571007,0.05810708492336464,0.6885386461299238
26159,Van Buren County,0.369715489321029,0.4381887625862994,0.3196613603642463,0.06847327326527042,-0.1185274022220531,-81.15959201773262,0.06847327326527042,0.1185274022220531,-0.5336485602414263,0.13616709455314221,-0.397481465688284,0.5507470049730561
26161,Washtenaw County,2.640554578484934,2.860080621154394,2.767691363991798,0.21952604266946008,-0.09238925716259594,-202.81848010075754,0.21952604266946008,0.09238925716259594,1.0148808141333268,-0.18335026318504882,0.831530550948278,1.0313100338433399
26163,Wayne County,2.478363053365824,2.5105651292378743,2.1339762193573244,0.03220207587205026,-0.37658890988054994,-121.26944648546167,0.03220207587205026,0.37658890988054994,-0.9054855998977711,3.2907570960017485,2.3852714961039774,3.413061153350184
26165,Wexford County,-0.5537657275156739,-0.468383057641229,-0.4820453872348419,0.08538266987444487,-0.01366232959361291,-11.665261774073098,0.08538266987444487,0.01366232959361291,-0.36030054778497134,-1.1457222992445126,-1.506022847029484,1.201039579581074
37001,Alamance County,0.4231082444928268,0.5968437356250712,0.6074734297355469,0.1737354911322444,0.010629694110475651,18.467551268690134,0.1737354911322444,0.010629694110475651,0.5454553649748108,-1.182793777513186,-0.6373384125383752,1.3025063052836698
37003,Alexander County,-1.3374043938067846,-1.4447291702797989,-1.513381068153453,-0.1073247764730143,-0.06865189787365411,73.68049593738134,0.1073247764730143,0.06865189787365411,-0.13535931209913,-0.47351998649296256,-0.6088792985920926,0.4924868739167016
37005,Alleghany County,-0.9987003834799988,-1.1164358076919805,-1.1897599234898777,-0.11773542421198169,-0.07332411579789722,86.32845878433896,0.11773542421198169,0.07332411579789722,-0.028633736039536388,-0.41640595936765074,-0.44503969540718713,0.417389283327298
37007,Anson County,1.470139748038636,1.1143251595709809,0.8394624308000291,-0.3558145884676551,-0.27486272877095175,978.0016872273291,0.3558145884676551,0.27486272877095175,2.412053586216711,2.047238073247862,4.459291659464573,3.163729797460035
37009,Ashe County,-0.8692615042857482,-0.9531316945796304,-0.8794088643357933,-0.08387019029388221,0.07372283024383708,-61.831478015541904,0.08387019029388221,0.07372283024383708,-0.375805851447271,-0.41153200270511936,-0.7873378541523903,0.5573047884528669
37011,Avery County,-1.3560089502139303,-1.2240054435885013,-1.2082580498098987,0.13200350662542903,0.01574739377860257,20.787111989870045,0.13200350662542903,0.01574739377860257,0.11763663570122969,-1.1202341019150168,-1.002597466213787,1.126393723860555
37013,Beaufort County,-0.0507156270241214,-0.1212393277537411,-0.3343375059448917,-0.0705237007296197,-0.2130981781911506,150.28472144779877,0.0705237007296197,0.2130981781911506,-0.5126284414372917,1.2922171657483623,0.7795887243110706,1.3901845641587154
37015,Bertie County,1.9642320664727584,1.831685667869396,1.586733616348183,-0.13254639860336237,-0.2449520515212129,324.6751225964204,0.13254639860336237,0.2449520515212129,0.12320213561399636,1.6816046076267612,1.8048067432407575,1.6861117467746327
37017,Bladen County,0.5562777279145897,0.3778664492836105,0.1043840128125327,-0.17841127863097922,-0.27348243647107784,487.9235117392054,0.17841127863097922,0.27348243647107784,0.5933895691518333,2.030365133429108,2.6237547025809413,2.1152999210095
37019,Brunswick County,-0.2274716261765655,-0.0858576688621801,-0.0768711477934766,0.1416139573143854,0.008986521068703499,12.726168110282021,0.1416139573143854,0.008986521068703499,0.2161589286160144,-1.2028802185142358,-0.9867212898982214,1.222147905334407
37021,Buncombe County,1.526628510003838,1.810600718063663,1.9583836233318812,0.28397220805982504,0.14778290526821825,419.66237922511885,0.28397220805982504,0.14778290526821825,1.6755557594946775,0.49379159358889807,2.1693473530835754,1.7468020039703553
37023,Burke County,-0.6416477346238896,-0.7086064214369369,-0.7496382471455171,-0.06695868681304729,-0.041031825708580216,27.474371669883645,0.06695868681304729,0.041031825708580216,-0.5491754626646567,-0.8111526860838435,-1.3603281487485002,0.979572543987414
37025,Cabarrus County,0.1355115722930447,0.5537247390044763,0.6257291176754421,0.4182131667114316,0.07200437867096587,301.131792210737,0.4182131667114316,0.07200437867096587,3.0517375305153793,-0.43253866192733464,2.6191988685880445,3.082238090936194
37027,Caldwell County,-1.1184820437900391,-1.1585373831775148,-1.2176675308663942,-0.04005533938747563,-0.059130147688879475,23.68478133709625,0.04005533938747563,0.059130147688879475,-0.8249772498270679,-0.5899155628876063,-1.4148928127146743,1.014193193661461
37029,Camden County,-0.924588667277299,-0.9751689183149376,-1.1418107426336992,-0.050580251037638524,-0.16664182431876162,84.2878530741302,0.050580251037638524,0.16664182431876162,-0.7170802882734173,0.72432639133836,0.007246103064942666,1.0192413163817184
37031,Carteret County,-0.8682869914653419,-0.7856231194756881,-0.8258929687824329,0.08266387198965386,-0.04026984930674482,-33.28861668135405,0.08266387198965386,0.04026984930674482,-0.38817251864782437,-0.8204672218330132,-1.2086397404808376,0.9076587279015051
37033,Caswell County,0.4838049343008782,0.1814975241399242,-0.0662128482335987,-0.30230741016095397,-0.2477103723735229,748.8468114224522,0.30230741016095397,0.2477103723735229,1.8635205293607793,1.715322814810915,3.5788433441716943,2.532793146382057
37035,Catawba County,-0.5988735615959573,-0.5812147591140872,-0.6163727527205257,0.01765880248187013,-0.035157993606438565,-6.208480647549514,0.01765880248187013,0.035157993606438565,-1.0545771136322555,-0.8829554597238579,-1.9375325733561133,1.3754065698741984
37037,Chatham County,1.3511273778227422,1.4164257350227492,1.4541266681227436,0.06529835720000698,0.03770093309999445,24.61808996337004,0.06529835720000698,0.03770093309999445,-0.5661964625912284,-0.851870112771317,-1.4180665753625452,1.0228690645844347
37039,Cherokee County,-1.3735836833736677,-1.323173322965556,-1.4109629560277943,0.05041036040811164,-0.0877896330622383,-44.255070427633065,0.05041036040811164,0.0877896330622383,-0.7188219354559952,-0.23957689043010005,-0.9583988258860952,0.7576952298390554
37041,Chowan County,0.3607201327181628,0.2955167496968291,0.0207306457907614,-0.06520338302133366,-0.2747861039060677,179.16983581927323,0.06520338302133366,0.2747861039060677,-0.5671700978715537,2.0463013972018347,1.479131299330281,2.1234479810228004
37043,Clay County,-1.1588935960479938,-1.0944131395781629,-1.1133402104391017,0.06448045646983092,-0.01892707086093881,-12.2042616875017,0.06448045646983092,0.01892707086093881,-0.5745812364089872,-1.081365160852148,-1.6559463972611352,1.2245383654006403
37045,Cleveland County,-0.3021182265339152,-0.4080025543008689,-0.493711636865132,-0.10588432776695372,-0.08570908256426307,90.7524859083933,0.10588432776695372,0.08570908256426307,-0.15012618557263976,-0.2650099116426516,-0.4151360972152913,0.3045786021102544
37047,Columbus County,0.0394633055013897,-0.2064971963583604,-0.4511524762675203,-0.2459605018597501,-0.24465527990915992,601.7553542909461,0.2459605018597501,0.24465527990915992,1.2858757565851358,1.6779768183892627,2.9638525749743985,2.114020497635997
37049,Craven County,0.058312809415423,0.1761572580667618,0.1027012393773685,0.1178444486513388,-0.0734560186893933,-86.56384022573992,0.1178444486513388,0.0734560186893933,-0.027516063404104684,-0.41479355484265523,-0.4423096182467599,0.41570521633035296
37051,Cumberland County,1.598541342814101,1.625471354824111,1.492451986726001,0.026930012010009996,-0.13301936809811,-35.822131804460426,0.026930012010009996,0.13301936809811,-0.9595325782229664,0.31331947604833815,-0.6462131021746282,1.0093918281531797
37053,Currituck County,-1.0869684329737077,-0.9586230380968708,-1.0242872994740193,0.12834539487683694,-0.06566426137714854,-84.27705555745962,0.12834539487683694,0.06566426137714854,0.08013521470918838,-0.5100413891048996,-0.4299061743957112,0.516298238653342
37055,Dare County,0.0533151998236859,0.2629876358817751,0.172085656470245,0.2096724360580892,-0.09090197941153008,-190.5963946571778,0.2096724360580892,0.09090197941153008,0.9138657891097746,-0.20153101228420586,0.7123347768255687,0.9358233964897051
37057,Davidson County,-1.047363060181373,-1.0105378017344149,-0.9860063340787952,0.036825258446958165,0.024531467655619643,9.033776365013884,0.036825258446958165,0.024531467655619643,-0.8580906792446724,-1.0128560125755794,-1.8709466918202518,1.3274776517957225
37059,Davie County,-1.0111701205620702,-0.9290525027281034,-0.9589035989891922,0.08211761783396687,-0.02985109626108884,-24.513009146930504,0.08211761783396687,0.02985109626108884,-0.3937724861909028,-0.9478279215499298,-1.3416004077408326,1.026369592179457
37061,Duplin County,0.166430290303617,0.0321790540478941,-0.2469005555472662,-0.1342512362557229,-0.2790796095951603,374.6678260191478,0.1342512362557229,0.2790796095951603,0.14067941321462252,2.098785978264958,2.2394653914795803,2.103495490811427
37063,Durham County,3.389889429060012,3.5083202973734453,3.479794960814458,0.11843086831343319,-0.02852533655898748,-33.78280377613808,0.11843086831343319,0.02852533655898748,-0.02150433600548816,-0.9640342451451052,-0.9855385811505933,0.9642740597358873
37065,Edgecombe County,2.258582708172437,2.0536731956507714,1.8753226439021915,-0.20490951252166534,-0.17835055174857994,365.45724616771565,0.20490951252166534,0.17835055174857994,0.8650383029726774,0.8674559685268771,1.7324942714995544,1.2250596405656142
37067,Forsyth County,1.368872616504566,1.5139705048499812,1.4818973904361927,0.14509788834541526,-0.03207311441378846,-46.537411741016065,0.14509788834541526,0.03207311441378846,0.2518747222497578,-0.9206655744368549,-0.6687908521870971,0.9544977609515576
37069,Franklin County,0.4690667698017075,0.389269271701432,0.3859680845133895,-0.07979749810027548,-0.003301187188042509,2.634264783664759,0.07979749810027548,0.003301187188042509,-0.41755737655642833,-1.2723787561983761,-1.6899361327548044,1.3391422112462938
37071,Gaston County,-0.3638676141638298,-0.1999801139481983,-0.0843730654334898,0.16388750021563148,0.11560704851470852,189.4655018838281,0.16388750021563148,0.11560704851470852,0.4444979096888047,0.10046816878357763,0.5449660784723823,0.4557107028109415
37073,Gates County,0.5692939878330184,0.3767491015274256,0.052069483012068,-0.19254488630559286,-0.3246796185153576,625.1540023278279,0.19254488630559286,0.3246796185153576,0.7382813625056108,2.6562086388966364,3.3944900014022474,2.756901105149088
37075,Graham County,-1.5397695395089028,-1.5310458824292452,-1.6777629108249288,0.00872365707965761,-0.14671702839568357,-12.799090434703317,0.00872365707965761,0.14671702839568357,-1.1461764611596887,0.48076212415976183,-0.6654143369999269,1.242921035361118
37077,Granville County,0.8397841666366465,0.6713075129539018,0.555649221497718,-0.16847665368274467,-0.11565829145618378,194.85721915201424,0.16847665368274467,0.11565829145618378,0.4915439782605301,0.10109457166050961,0.5926385499210397,0.5018322378877331
37079,Greene County,0.5515771223918493,0.4526556260008861,0.1985089250466198,-0.0989214963909632,-0.2541467009542663,251.40571961222656,0.0989214963909632,0.2541467009542663,-0.2215062003652745,1.7940016459588755,1.5724954455936009,1.8076246575280541
37081,Guilford County,1.7603338596986002,1.8936618574725157,1.8376401717036088,0.13332799777391546,-0.05602168576890687,-74.69259195487807,0.13332799777391546,0.05602168576890687,0.1312147611313067,-0.6279139570751109,-0.4966991959438042,0.6414773971298365
37083,Halifax County,2.040229770739894,1.8150636668880595,1.6694411536708824,-0.22516610385183466,-0.14562251321717712,327.8925393422407,0.22516610385183466,0.14562251321717712,1.0727003460004176,0.46738257495895913,1.5400829209593767,1.1700993563303428
37085,Harnett County,-0.0289450991415765,0.0190616924675138,-0.0878836383079132,0.0480067916090903,-0.10694533077542699,-51.34102208101155,0.0480067916090903,0.10694533077542699,-0.7434623104937796,-0.005414217255438675,-0.7488765277492183,0.7434820245797731
37087,Haywood County,-0.1896796134212205,-0.1484483611173385,-0.0879033973135847,0.041231252303882,0.06054496380375381,24.963446783219766,0.041231252303882,0.06054496380375381,-0.8129222858568976,-0.5726205977827088,-1.3855428836396064,0.9943525490729284
37089,Henderson County,-0.1877067272573976,0.1709787937615287,0.3464905912421362,0.35868552101892626,0.17551179748060752,629.5354052429998,0.35868552101892626,0.17551179748060752,2.4414851776071083,0.8327545288911528,3.274239706498261,2.5795988017255587
37091,Hertford County,2.481377800558209,2.3418825996187205,2.0414549108970106,-0.1394952009394883,-0.3004276887217099,419.08220806020967,0.1394952009394883,0.3004276887217099,0.19443833059842586,2.359748713753067,2.554187044351493,2.3677458175372537
37093,Hoke County,1.3859649397296483,1.3892648446262257,1.1860824236762428,0.003299904896577388,-0.20318242094998284,-6.704826657912965,0.003299904896577388,0.20318242094998284,-1.201778484266959,1.1710051766625136,-0.03077330760444541,1.6779525169138112
37095,Hyde County,0.3656711645704749,0.3282929185836771,0.0350316453473733,-0.03737824598679779,-0.2932612732363038,109.61592009428082,0.03737824598679779,0.2932612732363038,-0.8524216838831009,2.2721451697700354,1.4197234858869345,2.42678107781963
37097,Iredell County,-0.5532549939660731,-0.388571459073832,-0.3955664450381883,0.16468353489224113,-0.006994985964356271,-11.51959015131803,0.16468353489224113,0.006994985964356271,0.45265852193453276,-1.227225099642426,-0.7745665777078934,1.3080447938325044
37099,Jackson County,0.4681941321219954,0.6035226529350572,0.5580303177295937,0.13532852081306185,-0.045492335205463585,-61.564104316873646,0.13532852081306185,0.045492335205463585,0.1517232807860659,-0.7566266206201957,-0.6049033398341298,0.7716889249973884
37101,Johnston County,-0.3030663669141357,-0.0585732333052975,0.0593880193506283,0.24449313360883818,0.1179612526559258,288.40716306271185,0.24449313360883818,0.1179612526559258,1.2708329152752764,0.12924638105024702,1.4000792963255235,1.277388322148611
37103,Jones County,0.2141729617076394,0.1360260419172346,-0.1133240877665992,-0.07814691979040478,-0.2493501296838338,194.8594458412959,0.07814691979040478,0.2493501296838338,-0.4344784102297753,1.7353675012999763,1.300889091070201,1.7889303657560056
37105,Lee County,0.4105304574205405,0.3288951951300558,0.2252429652449779,-0.08163526229048473,-0.10365222988507788,84.61676973661953,0.08163526229048473,0.10365222988507788,-0.3987173920732697,-0.04566967122342898,-0.4443870632966987,0.4013244044552556
37107,Lenoir County,0.7921208612559453,0.7997234434513828,0.66355693723511,0.007602582195437524,-0.1361665062162728,-10.352170557747684,0.007602582195437524,0.1361665062162728,-1.1576692487195335,0.35179065499639034,-0.8058785937231432,1.2099399796575192
37109,Lincoln County,-1.001091477592756,-0.9471761776292988,-0.9330855547091252,0.05391529996345712,0.014090622920173601,7.597001614131238,0.05391529996345712,0.014090622920173601,-0.6828907712789423,-1.1404867650576649,-1.8233775363366072,1.3293042792264103
37111,McDowell County,-1.106850422007038,-1.0338442619213224,-1.0764085583970802,0.0730061600857157,-0.04256429647575777,-31.074558424450363,0.0730061600857157,0.04256429647575777,-0.4871793136340152,-0.7924194894769011,-1.2795988031109162,0.930200156383422
37113,Macon County,-0.739564205338567,-0.6403493517998936,-0.6153606188522779,0.09921485353867343,0.02498873294761572,24.79253479514717,0.09921485353867343,0.02498873294761572,-0.21849882643758087,-1.0072663199041363,-1.2257651463417172,1.0306925712198676
37115,Madison County,-0.1005386081809957,-0.0259431325263994,-0.0195138434900755,0.0745954756545963,0.0064292890363239,4.795958737854624,0.0745954756545963,0.0064292890363239,-0.47088631977981266,-1.2341402800163337,-1.7050265997961462,1.3209224643841024
37117,Martin County,0.9248123195867376,0.7386402913174197,0.5183557301679268,-0.1861720282693179,-0.2202845611494929,410.10823545617677,0.1861720282693179,0.2202845611494929,0.6729495059178939,1.38006479569001,2.053014301607904,1.535395674677393
37119,Mecklenburg County,2.151926699356863,2.3851745859554034,2.2863225665137006,0.23324788659854034,-0.09885201944170285,-230.57024620775013,0.23324788659854034,0.09885201944170285,1.155551378986786,-0.10434830178292719,1.0512030772038587,1.160253229930106
37121,Mitchell County,-1.438566797576535,-1.434030564418595,-1.3502729824093198,0.0045362331579399395,0.0837575820092753,3.7994392073934837,0.0045362331579399395,0.0837575820092753,-1.1891041676248937,-0.2888654032827786,-1.4779695709076723,1.223687845276161
37123,Montgomery County,-0.1198920683715874,-0.3651124963693875,-0.6116639234697759,-0.24522042799780008,-0.24655142710038846,604.5944647702566,0.24522042799780008,0.24655142710038846,1.2782888310427778,1.7011556606156675,2.9794444916584455,2.127898709340611
37125,Moore County,-0.2539751371389956,-0.1847608711973499,-0.2680041931164831,0.0692142659416457,-0.0832433219191332,-57.616254211769096,0.0692142659416457,0.0832433219191332,-0.5260522154005494,-0.295151810555316,-0.8212040259558653,0.6031960913350708
37127,Nash County,0.9350980915211856,0.951790804326445,0.8699880260944416,0.016692712805259413,-0.08180277823200344,-13.655102836991597,0.016692712805259413,0.08180277823200344,-1.0644810581174362,-0.31276127410259996,-1.3772423322200362,1.1094771460778714
37129,New Hanover County,0.7818947386545463,1.0299344090253402,0.9679948236730674,0.24803967037079389,-0.06193958535227273,-153.6347433368138,0.24803967037079389,0.06193958535227273,1.3071905164953703,-0.5555724946669797,0.7516180218283907,1.420354830049845
37131,Northampton County,2.012493312249761,1.7886468953940176,1.5378345231815016,-0.22384641685574325,-0.25081237221251595,561.4345082286068,0.22384641685574325,0.25081237221251595,1.0591714707173718,1.7532422153653453,2.812413686082717,2.048341394914623
37133,Onslow County,-0.4693546223296835,-0.2997618205523804,-0.5320096189592622,0.16959280177730313,-0.23224779840688187,-393.87554838433374,0.16959280177730313,0.23224779840688187,0.5029862584477363,1.526305546507673,2.029291804955409,1.607048162777749
37135,Orange County,3.0088910954536807,3.0435994239533195,3.033508619154765,0.034708328499638785,-0.010090804798554398,-3.5023496777395744,0.034708328499638785,0.010090804798554398,-0.8797925534959546,-1.1893812567955435,-2.069173810291498,1.4794129616856406
37137,Pamlico County,-0.1414143419093058,-0.2090673029915987,-0.3743247261120955,-0.0676529610822929,-0.1652574231204968,111.80154014930982,0.0676529610822929,0.1652574231204968,-0.5420580552576952,0.7074032236111567,0.16534516835346147,0.8912049461516754
37139,Pasquotank County,1.045238141783772,0.9551651924972284,0.7425664518540457,-0.09007294928654352,-0.21259874064318274,191.4939558433642,0.09007294928654352,0.21259874064318274,-0.31221777861557365,1.286111951881084,0.9738941732655103,1.3234666199247396
37141,Pender County,-0.2798288448893381,-0.2895730918694097,-0.4935573325682351,-0.009744246980071591,-0.20398424069882537,19.876728214117257,0.009744246980071591,0.20398424069882537,-1.1357138033334535,1.1808067646080118,0.04509296127455831,1.6383377119587337
37143,Perquimans County,-0.19702221166916,-0.3828342195923822,-0.6722540566753513,-0.18581200792322217,-0.28941983708296914,537.7768106119834,0.18581200792322217,0.28941983708296914,0.669258728956301,2.225186767525292,2.894445496481593,2.3236530284562416
37145,Person County,0.2393921262954042,0.0557287774773601,-0.0309604921576825,-0.1836633488180441,-0.0866892696350426,159.2164156776231,0.1836633488180441,0.0866892696350426,0.64723158074174,-0.25302792966833026,0.39420365107340977,0.6949329840363695
37147,Pitt County,1.255635050117443,1.3308081412304802,1.187467411532164,0.07517309111303727,-0.14334072969831624,-107.75365733820773,0.07517309111303727,0.14334072969831624,-0.46496484936906246,0.439489645326097,-0.025475204042965438,0.6397995463406124
37149,Polk County,-0.1987042862536955,-0.1131569562472934,-0.0901208316184174,0.08554733000640209,0.023036124628875998,19.706789556950618,0.08554733000640209,0.023036124628875998,-0.35861252146059525,-1.031135353046394,-1.3897478745069893,1.091715648349165
37151,Randolph County,-1.3659289217335373,-1.3735046017338544,-1.4067575563811243,-0.007575680000317053,-0.03325295464726996,2.519137434727731,0.007575680000317053,0.03325295464726996,-1.1579450386937493,-0.9062429965110804,-2.06418803520483,1.4704125548161138
37153,Richmond County,0.5418084669523044,0.3329392879894838,0.0845824404880688,-0.20886917896282065,-0.248356847501415,518.7409082741501,0.20886917896282065,0.248356847501415,0.9056311356697577,1.7232254423400561,2.628856578009814,1.946708421675567
37155,Robeson County,0.7665634236729373,0.1764481928661274,-0.1939015759438163,-0.5901152308068098,-0.3703497688099437,2185.4903930052856,0.5901152308068098,0.3703497688099437,4.814005093151417,3.2144887202275214,8.028493813378939,5.788573465834027
37157,Rockingham County,-0.2837840017451144,-0.3748447547313526,-0.5316134269018948,-0.09106075298623817,-0.15676867217054224,142.75473332502298,0.09106075298623817,0.15676867217054224,-0.30209123111083924,0.6036352145249233,0.30154398341408406,0.6750070993171944
37159,Rowan County,-0.5536699158906669,-0.5248480895369069,-0.5318120313874137,0.02882182635376007,-0.006963941850506861,-2.0071352275299135,0.02882182635376007,0.006963941850506861,-0.9401384943295318,-1.2276045884396578,-2.1677430827691895,1.5462449398715266
37161,Rutherford County,-1.0065689985734223,-0.9401462825788344,-1.0203174202358165,0.06642271599458793,-0.08017113765698214,-53.25184707552739,0.06642271599458793,0.08017113765698214,-0.5546700097654195,-0.33270674016850965,-0.8873767499339291,0.6468018202561947
37163,Sampson County,0.2615756992293554,0.0159536295170224,-0.2801369451617672,-0.24562206971233302,-0.2960905746787896,727.263797749184,0.24562206971233302,0.2960905746787896,1.2824062927442859,2.3067310563771963,3.589137349121482,2.639237402380695
37165,Scotland County,1.2562943997914775,0.8624437164078661,0.65744510538649,-0.3938506833836114,-0.20499861102137606,807.388430434601,0.3938506833836114,0.20499861102137606,2.801983611969889,1.1932066087626823,3.995190220732571,3.0454645249851073
37167,Stanly County,-1.1022362783397288,-1.15797721361797,-1.145776497766795,-0.0557409352782412,0.012200715851174992,-6.800793126085567,0.0557409352782412,0.012200715851174992,-0.6641751269184315,-1.1635893269144284,-1.82776445383286,1.339801746873875
37169,Stokes County,-1.3289272181788068,-1.4353896724084847,-1.505017388532274,-0.10646245422967793,-0.06962771612378926,74.12737540945922,0.10646245422967793,0.06962771612378926,-0.144199476561193,-0.46159140976318125,-0.6057908863243743,0.4835908586891228
37171,Surry County,-1.1252647600806176,-1.1703173615071276,-1.245789500646503,-0.04505260142651002,-0.07547213913937534,34.00216203452384,0.04505260142651002,0.07547213913937534,-0.773747424055479,-0.3901481380544767,-1.1638955621099556,0.8665452358993523
37173,Swain County,0.0227870221922706,0.1386193465152951,-0.0306142542444708,0.11583232432302448,-0.1692336007597659,-196.02721329558446,0.11583232432302448,0.1692336007597659,-0.04814351458940138,0.7560087298667459,0.7078652152773446,0.7575400963854985
37175,Transylvania County,0.0302815255392851,0.2988310754029813,0.4435008024731532,0.2685495498636962,0.1446697270701719,388.50990083598447,0.2685495498636962,0.1446697270701719,1.5174491630923173,0.4557355467751243,1.9731847098674415,1.5844074132507697
37177,Tyrrell County,0.3391595252076974,0.2948722481761129,0.0597115274957035,-0.04428727703158447,-0.2351607206804094,104.14627983720348,0.04428727703158447,0.2351607206804094,-0.7815932074273588,1.5619136291017934,0.7803204216744346,1.7465572211269007
37179,Union County,-0.3172698513532613,-0.0516241996071121,-0.0938289079459875,0.2656456517461492,-0.0422047083388754,-112.11497253436693,0.2656456517461492,0.0422047083388754,1.4876796226002749,-0.7968151591431801,0.6908644634570947,1.6876329747135388
37181,Vance County,1.9506984242461607,1.733744858388416,1.490623459375958,-0.2169535658577446,-0.2431213990124581,527.4605445207634,0.2169535658577446,0.2431213990124581,0.988508865286894,1.659226384106937,2.647735249393831,1.9313679013764735
37183,Wake County,1.773851716024472,2.030499159319543,1.988685882753484,0.25664744329507116,-0.041813276566059265,-107.31270526468823,0.25664744329507116,0.041813276566059265,1.3954337792555784,-0.8016000911075749,0.5938336881480035,1.6092849773583233
37185,Warren County,2.2793824659312185,2.0005965273852864,1.7212551333351462,-0.27878593854593214,-0.27934139405014013,778.7645271499738,0.27878593854593214,0.27934139405014013,1.6223883086934434,2.101986078239987,3.7243743869334303,2.655275747883804
37187,Washington County,1.5735516924382027,1.350051601420295,1.1984032651895438,-0.2235000910179077,-0.15164833623075125,338.9341695028717,0.2235000910179077,0.15164833623075125,1.0556210840868674,0.5410433126706647,1.5966643967575322,1.186197175580173
37189,Watauga County,1.0028460785259308,1.2833519640632334,1.1873304500916362,0.2805058855373026,-0.0960215139715972,-269.34599807235344,0.2805058855373026,0.0960215139715972,1.6400204808741328,-0.13894890663894902,1.5010715742351837,1.6458961013207307
37191,Wayne County,0.4741013621596835,0.4613509318389043,0.2691574297537032,-0.012750430320779216,-0.19219350208520108,24.505498564438913,0.012750430320779216,0.19219350208520108,-1.1048956778121304,1.0366746680480912,-0.06822100976403922,1.5150870688579408
37193,Wilkes County,-1.3070938525759157,-1.3867362503259708,-1.506048436078275,-0.0796423977500551,-0.11931218575230429,95.02308554113476,0.0796423977500551,0.11931218575230429,-0.4191474000246468,0.14576042871713574,-0.27338697130751105,0.4437686847077253
37195,Wilson County,1.1723195463902385,1.060799273360858,0.9586801222090738,-0.1115202730293805,-0.10211915115178416,113.88355617975544,0.1115202730293805,0.10211915115178416,-0.09234884838338844,-0.06441029971685723,-0.15675914810024566,0.11259216894328596
37197,Yadkin County,-1.5597387589445029,-1.5703940417093565,-1.618887340776615,-0.010655282764853613,-0.04849329906725841,5.167098137622504,0.010655282764853613,0.04849329906725841,-1.1263742481607406,-0.7199423019125241,-1.8463165500732646,1.3368006077956345
37199,Yancey County,-0.3747174305285938,-0.4447645635280998,-0.4700177686087841,-0.07004713299950599,-0.025253205080684293,17.68914614950493,0.07004713299950599,0.025253205080684293,-0.5175140130946076,-1.0040333652716926,-1.5215473783663003,1.1295590964301452
42001,Adams County,-0.5478657052589023,-0.462966568352624,-0.4416620259952408,0.08489913690627832,0.021304542357383216,18.08737258325083,0.08489913690627832,0.021304542357383216,-0.36525752412931733,-1.0523025242758417,-1.417560048405159,1.1138912251788267
42003,Allegheny County,1.6265688593903496,1.781019046551457,1.7777237315128098,0.15445018716110748,-0.0032953150386472174,-5.089620244738748,0.15445018716110748,0.0032953150386472174,0.34775055088337653,-1.2724505384023068,-0.9246999875189303,1.3191136487505588
42005,Armstrong County,-1.1790645196238092,-1.2102018139864106,-1.24555950643071,-0.031137294362601375,-0.035357692444299316,11.009428776204743,0.031137294362601375,0.035357692444299316,-0.9164012914880437,-0.8805143054310988,-1.7969155969191424,1.2708645754405796
42007,Beaver County,0.1727172824762067,0.21524452154736,0.0904833320338499,0.0425272390711533,-0.12476118951351012,-53.05748933242509,0.0425272390711533,0.12476118951351012,-0.7996363753381003,0.21237002477399186,-0.5872663505641085,0.8273568517794248
42009,Bedford County,-1.8259190145346529,-1.84106319026779,-1.880135925723072,-0.0151441757331372,-0.039072735455282004,5.917243721091713,0.0151441757331372,0.039072735455282004,-1.0803560079971901,-0.835100955552874,-1.915456963550064,1.3654899157375524
42011,Berks County,0.5336371441532807,0.60530574785137,0.4414453869599156,0.07166860369808936,-0.16386036089145445,-117.4364326655555,0.07166860369808936,0.16386036089145445,-0.5008913783931835,0.6903252851804061,0.1894339067872226,0.8529016193606579
42013,Blair County,-0.9437860160972632,-0.8474264254432256,-0.845265363416535,0.09635959065403765,0.00216106202669053,2.082390522698845,0.09635959065403765,0.00216106202669053,-0.24776977900508712,-1.2863158499828569,-1.534085628987944,1.309961193816576
42015,Bradford County,-0.941275345829942,-0.9063358587088464,-1.0288166751946697,0.034939487121095625,-0.12248081648582332,-42.79416910187701,0.034939487121095625,0.12248081648582332,-0.8774228126638083,0.1844943372373853,-0.692928475426423,0.8966096991754721
42017,Bucks County,0.9745937437143524,1.1224144755338594,0.939362414321104,0.14782073181950706,-0.1830520612127554,-270.5888964953871,0.14782073181950706,0.1830520612127554,0.27978816679027746,0.9249280606725636,1.2047162274628411,0.9663194791037659
42019,Butler County,-0.5765867050718078,-0.3955172360004558,-0.3824828556572339,0.18106946907135196,0.013034380343221907,23.60128328421257,0.18106946907135196,0.013034380343221907,0.6206402180200108,-1.15339846313534,-0.5327582451153292,1.3097794833432423
42021,Cambria County,-0.5831945507815056,-0.5937906817876423,-0.6901360529243449,-0.010596131006136655,-0.0963453711367026,10.20888174399358,0.010596131006136655,0.0963453711367026,-1.1269806470786845,-0.13499001875904484,-1.2619706658377294,1.1350364241091375
42023,Cameron County,-1.0485435527543798,-0.9792033292095608,-1.1264542534339503,0.06934022354481906,-0.14725092422438957,-102.10412002900385,0.06934022354481906,0.14725092422438957,-0.5247609511012642,0.4872885622106464,-0.03747238889061777,0.7161174475335889
42025,Carbon County,-0.4595548120070977,-0.3752852981232794,-0.488750032558044,0.08426951388381831,-0.11346473443476462,-95.61618013774157,0.08426951388381831,0.11346473443476462,-0.37171215418282555,0.07428013850400232,-0.2974320156788232,0.3790612939135443
42027,Centre County,1.0403393410683563,1.137849310685564,1.0589420868943542,0.0975099696172077,-0.07890722379120985,-76.9424099445908,0.0975099696172077,0.07890722379120985,-0.23597657836958663,-0.3481570492046556,-0.5841336275742423,0.4205927679477034
42029,Chester County,1.3336199191807854,1.646111746327447,1.5370613604040118,0.3124918271466617,-0.1090503859234353,-340.77354348262895,0.3124918271466617,0.1090503859234353,1.9679268830175574,0.020318353179640238,1.9882452361971976,1.9680317711813322
42031,Clarion County,-1.005438560060504,-1.1467970711767004,-1.2410430934126666,-0.14135851111619635,-0.09424602223596623,133.2247738190012,0.14135851111619635,0.09424602223596623,0.21354020177619312,-0.16065283500740615,0.05288736676878697,0.26722415903232655
42033,Clearfield County,-1.0659731941577084,-1.0955182652542252,-1.1773842303234363,-0.02954507109651683,-0.08186596506921107,24.187357583548042,0.02954507109651683,0.08186596506921107,-0.9327240938293719,-0.31198886690910976,-1.2447129607384817,0.9835198464113742
42035,Clinton County,-0.4680122486837329,-0.551350661105835,-0.7388548629049146,-0.08333841242210205,-0.18750420179907967,156.2630250040875,0.08333841242210205,0.18750420179907967,-0.381257414224585,0.9793518230774859,0.598094408852901,1.0509458640988183
42037,Columbia County,-0.3793716524667795,-0.3200369873664768,-0.3339047373437113,0.05933466510030272,-0.0138677499772345,-8.228383005939397,0.05933466510030272,0.0138677499772345,-0.6273337223220159,-1.1432112037535727,-1.7705449260755886,1.3040243308888408
42039,Crawford County,-0.5954440740402918,-0.5888077665311308,-0.6721781339495365,0.006636307509160999,-0.08337036741840576,-5.532713953402776,0.006636307509160999,0.08337036741840576,-1.1675750898458892,-0.2935987836611826,-1.4611738735070718,1.2039235175857153
42041,Cumberland County,0.1985362479743702,0.5075380562095433,0.5539377859547566,0.3090018082351731,0.046399729745213336,143.37600392894268,0.3090018082351731,0.046399729745213336,1.9321486789973297,-0.7455344675577885,1.186614211439541,2.0709949686244538
42043,Dauphin County,1.0631385992539129,1.2933551026867094,1.1858959489066951,0.23021650343279654,-0.10745915378001425,-247.3887064508206,0.23021650343279654,0.10745915378001425,1.1244749154723792,0.0008668470051415893,1.1253417624775208,1.1244752495943806
42045,Delaware County,1.8646703809839864,2.044835333278149,1.9188301300666872,0.18016495229416263,-0.1260052032114618,-227.0172142540928,0.18016495229416263,0.1260052032114618,0.6113674929675853,0.22757707060128643,0.8389445635688717,0.6523507756728226
42047,Elk County,-0.8175686616616608,-0.9112357291624338,-0.9905416140404656,-0.09366706750077303,-0.07930588487803181,74.2834967207914,0.09366706750077303,0.07930588487803181,-0.27537239238622757,-0.3432837448135202,-0.6186561371997478,0.4400837237864047
42049,Erie County,0.877258436395303,0.9848678009969636,0.9001943255270797,0.1076093646016606,-0.08467347546988391,-91.11658893928502,0.1076093646016606,0.08467347546988391,-0.13244183446170976,-0.2776693578925007,-0.41011119235421045,0.3076379557662165
42051,Fayette County,-0.3310204338531604,-0.4334546388559717,-0.6185574693378241,-0.10243420500281131,-0.1851028304818524,189.60861284178696,0.10243420500281131,0.1851028304818524,-0.18549539109298135,0.9499970308195277,0.7645016397265463,0.9679374456454595
42053,Forest County,-0.8685539478867481,-0.8516752998411672,-0.8862217188220872,0.016878648045580924,-0.034546418980920035,-5.830968472141256,0.016878648045580924,0.034546418980920035,-1.0625749283423584,-0.8904314572730682,-1.9530063856154265,1.386338219354573
42055,Franklin County,-0.9632402423436274,-0.8308544293648239,-0.8260122613850059,0.13238581297880347,0.004842167979817957,6.410343445881308,0.13238581297880347,0.004842167979817957,0.12155587942344373,-1.2535415315294722,-1.1319856521060285,1.2594213763040794
42057,Fulton County,-1.9628036319363935,-2.017086128265154,-2.0443072536414744,-0.05428249632876048,-0.027221125376320376,14.776306383048395,0.05428249632876048,0.027221125376320376,-0.6791264287906931,-0.9799771557866398,-1.6591035845773328,1.1922952369885875
42059,Greene County,-0.7190762573687499,-0.8428329528529884,-0.901760767006666,-0.12375669548423851,-0.05892781415367754,72.92711551768471,0.12375669548423851,0.05892781415367754,0.03309380111814988,-0.5923889241916502,-0.5592951230735004,0.5933125965099582
42061,Huntingdon County,-1.135696643700588,-1.154110420902564,-1.235379749931972,-0.018413777201976123,-0.08126932902940798,14.96475318101609,0.018413777201976123,0.08126932902940798,-1.0468374307677448,-0.3192822525160691,-1.3661196832838138,1.0944449566918146
42063,Indiana County,-0.5126809085341685,-0.6007908783789049,-0.6666621868004011,-0.0881099698447364,-0.06587130842149624,58.03918998651365,0.0881099698447364,0.06587130842149624,-0.3323414171223151,-0.507510409022457,-0.839851826144772,0.6066445687558821
42065,Jefferson County,-1.4951752958442202,-1.4786438279034742,-1.463614237326719,0.016531467940746003,0.015029590576755236,2.484611947821674,0.016531467940746003,0.015029590576755236,-1.0661340725583563,-1.1290086565710018,-2.1951427291293584,1.5528368901085925
42067,Juniata County,-1.5964253140974205,-1.5838900863362662,-1.583053351812526,0.012535227761154344,0.0008367345237401125,0.10488657830703317,0.012535227761154344,0.0008367345237401125,-1.1071018438184486,-1.302504666119587,-2.4096065099380355,1.7094422768404627
42069,Lackawanna County,1.0854468149026002,1.2865472138524134,1.0569778615668448,0.20110039894981324,-0.22956935228556863,-461.6648833127807,0.20110039894981324,0.22956935228556863,0.825988874884675,1.4935637423138644,2.3195526171985392,1.70674845064756
42071,Lancaster County,0.1435551374968845,0.2911771617283699,0.2861650617287349,0.14762202423148538,-0.005012099999634978,-7.398963475967426,0.14762202423148538,0.005012099999634978,0.2777511002857941,-1.2514642521416832,-0.9737131518558891,1.2819159286390476
42073,Lawrence County,-0.2102575078596721,-0.2735093906646902,-0.4466043125588247,-0.06325188280501812,-0.1730949218941345,109.48579713791561,0.06325188280501812,0.1730949218941345,-0.5871760561931592,0.803210209674346,0.21603415348118682,0.9949484217242917
42075,Lebanon County,-0.4924738091674112,-0.3665314609189468,-0.3721073977505699,0.1259423482484644,-0.005575936831623107,-7.022465782597166,0.1259423482484644,0.005575936831623107,0.05550019274497753,-1.2445718099143366,-1.189071617169359,1.2458086776982158
42077,Lehigh County,1.137402326355376,1.2547690224664811,1.0530896727025474,0.11736669611110506,-0.20167934976393376,-236.7043895562888,0.11736669611110506,0.20167934976393376,-0.032413781235775166,1.1526313657908407,1.1202175845550655,1.153087038613677
42079,Luzerne County,0.1427947096076531,0.350598968494962,0.1536293173689275,0.20780425888730894,-0.19696965112603454,-409.311323755374,0.20780425888730894,0.19696965112603454,0.8947140235585678,1.0950591677216344,1.9897731912802021,1.414096094600208
42081,Lycoming County,-0.8967506637822692,-0.757855729290424,-0.763083886337126,0.1388949344918452,-0.005228157046701987,-7.261645305147513,0.1388949344918452,0.005228157046701987,0.18828465178609186,-1.2488231321753456,-1.0605384803892537,1.2629371819510464
42083,McKean County,-0.9786005809560416,-0.9563393786200964,-0.998410735060462,0.022261202335945196,-0.042071356440365526,-9.365589782666481,0.022261202335945196,0.042071356440365526,-1.0073952486802604,-0.7984452765889407,-1.8058405252692011,1.2854415765684388
42085,Mercer County,-0.0650912168502312,-0.127728765320491,-0.2982534352560251,-0.06263754847025979,-0.1705246699355341,106.81247278462071,0.06263754847025979,0.1705246699355341,-0.593473953059351,0.7717909902666448,0.17831703720729375,0.973587523346854
42087,Mifflin County,-1.3170834872627373,-1.3661660843780643,-1.3778472260695545,-0.04908259711532703,-0.011681141691490149,5.733407714904607,0.04908259711532703,0.011681141691490149,-0.7324336055313172,-1.1699406943230148,-1.902374299854332,1.3802971472638141
42089,Monroe County,0.9737211021720896,1.2040876626011554,0.910170359705621,0.23036656042906578,-0.2939173028955344,-677.0871811863216,0.23036656042906578,0.2939173028955344,1.1260132365999553,2.2801645935982546,3.40617783019821,2.5430407749183654
42091,Montgomery County,1.8257409557245996,2.023228989808396,1.8804271068117977,0.19748803408379656,-0.14280188299659846,-282.01663136462565,0.19748803408379656,0.14280188299659846,0.7889564316659875,0.4329026869184839,1.2218591185844714,0.8999205450529346
42093,Montour County,-0.2264148035441665,0.0696327330546749,0.0779634113217822,0.2960475365988414,0.008330678267107289,24.66276779174618,0.2960475365988414,0.008330678267107289,1.7993469420175052,-1.2108973581613285,0.5884495838561767,2.168852652844317
42095,Northampton County,0.785739572515437,0.9720179114096608,0.8693629991784543,0.18627833889422374,-0.10265491223120649,-191.22386529761476,0.18627833889422374,0.10265491223120649,0.6740393576705244,-0.05786106050777857,0.6161782971627457,0.6765182614031774
42097,Northumberland County,-0.8142769019864545,-0.6409670366570996,-0.7000487687063242,0.17330986532935488,-0.05908173204922451,-102.39447024876131,0.17330986532935488,0.05908173204922451,0.5410920285006371,-0.5905074043216701,-0.04941537582103306,0.8009242023223239
42099,Perry County,-1.1931442280136413,-1.117241451210741,-1.0865017116500566,0.07590277680290036,0.03073973956068432,23.332315908539087,0.07590277680290036,0.03073973956068432,-0.4574844189918451,-0.9369649869991951,-1.3944494059910402,1.0426866166220357
42101,Philadelphia County,3.705162873893532,3.5559516682364234,3.3613882249072997,-0.14921120565710844,-0.19456344332912368,290.3104595593704,0.14921120565710844,0.19456344332912368,0.2940427189598162,1.065645253471441,1.3596879724312572,1.1054686457876104
42103,Pike County,-0.1293291911794116,0.1596771384398919,-0.0468945363655618,0.2890063296193035,-0.2065716748054537,-597.0052153883653,0.2890063296193035,0.2065716748054537,1.7271634535460614,1.2124360216647376,2.939599475210799,2.1102356981852464
42105,Potter County,-1.6729831398343964,-1.5596108299014928,-1.619933393678546,0.11337230993290359,-0.06032256377705325,-68.38908396479425,0.11337230993290359,0.06032256377705325,-0.07336254605444868,-0.5753392554659768,-0.6487018015204254,0.5799976914124189
42107,Schuylkill County,-0.8393707444891512,-0.6973912513027454,-0.7878942619943026,0.1419794931864058,-0.0905030106915572,-128.49571589831154,0.1419794931864058,0.0905030106915572,0.21990624842646192,-0.20640807723797164,0.013498171188490282,0.30160081638828046
42109,Snyder County,-0.9991421971181256,-1.0075912193930905,-0.992465392058808,-0.008449022274964912,0.015125827334282471,-1.2779845207462575,0.008449022274964912,0.015125827334282471,-1.1489919015118901,-1.1278322412434243,-2.2768241427553146,1.610027314714901
42111,Somerset County,-1.357779160263715,-1.3721646274353525,-1.4118920049180337,-0.014385467171637467,-0.03972737748268118,5.714968845923597,0.014385467171637467,0.03972737748268118,-1.0881339686311204,-0.8270984943842198,-1.9152324630153403,1.3667945906761394
42113,Sullivan County,-1.078988770004373,-1.0005539703003428,-0.986721434714468,0.07843479970403022,0.013832535585874717,10.849521580769538,0.07843479970403022,0.013832535585874717,-0.4315271865991207,-1.1436416707685824,-1.5751688573677032,1.2223469163426997
42115,Susquehanna County,-0.7516409461285661,-0.7541516788251369,-0.8975663397368949,-0.002510732696570761,-0.14341466091175803,3.600758783187595,0.002510732696570761,0.14341466091175803,-1.2098687452927612,0.4403933936953698,-0.7694753515973914,1.2875281441765867
42117,Tioga County,-1.2379782641225032,-1.1631032064776958,-1.186529733936661,0.0748750576448074,-0.02342652745896512,-17.540625939076765,0.0748750576448074,0.02342652745896512,-0.468020162965239,-1.026362999061831,-1.49438316202707,1.1280354067072562
42119,Union County,-0.1036903314515584,-0.055813954948871,-0.0194376457761026,0.0478763765026874,0.036376309172768406,17.415658737336212,0.0478763765026874,0.036376309172768406,-0.7447992712388468,-0.8680625524513821,-1.612861823690229,1.1437913050055617
42121,Venango County,-0.7687351212276019,-0.7608617491609667,-0.7901808799800454,0.007873372066635187,-0.029319130819078665,-2.308404256089568,0.007873372066635187,0.029319130819078665,-1.1548932250061867,-0.9543307622087631,-2.10922398721495,1.4981740769560623
42123,Warren County,-0.6937714188657134,-0.6853254577557538,-0.672048747234194,0.008445961109959543,0.013276710521559765,1.1213458073328446,0.008445961109959543,0.013276710521559765,-1.1490232832862812,-1.1504361757156853,-2.299459459001967,1.6259636834595406
42125,Washington County,-0.0739254202382573,0.0051969154008893,-0.1068216864077561,0.0791223356391466,-0.11201860180864541,-88.63173410131556,0.0791223356391466,0.11201860180864541,-0.4244788577557278,0.056602354767416124,-0.36787650298831165,0.42823606486005333
42127,Wayne County,-0.6394798446653452,-0.4409757151077217,-0.5833821810764327,0.19850412955762353,-0.14240646596871098,-282.68271570496313,0.19850412955762353,0.14240646596871098,0.7993730145237306,0.428069038483681,1.2274420530074115,0.9067746787692627
42129,Westmoreland County,-0.3422655339630274,-0.2249846190353633,-0.2269033629154332,0.1172809149276641,-0.0019187438800699064,-2.2503203776645484,0.1172809149276641,0.0019187438800699064,-0.033293173800710674,-1.2892779903246492,-1.32257116412536,1.289707785413925
42131,Wyoming County,-0.6305735668269657,-0.5061554398463703,-0.5722049194293201,0.1244181269805954,-0.06604947958294971,-82.1775253775368,0.1244181269805954,0.06604947958294971,0.03987451824955576,-0.505332412894451,-0.4654578946448952,0.5069031709580855
42133,York County,-0.2559220112580857,-0.0688007996330169,-0.0968485308196579,0.18712121162506884,-0.028047731186641,-52.48325442978494,0.18712121162506884,0.028047731186641,0.6826801339219057,-0.9698725785948041,-0.2871924446728984,1.1860459451310332
