county_fips,state,county_name,population_2024,total_votes_2024,dem_margin_2024_pp,p_high_vol,p_high_vol_state_rf,S_persuadability,S_electoral_weight,S_volatility_predicted,S_volatility_predicted_state_rf,PersuasionScore,PersuasionScore_pooled,state_persuasion_pct,persuasion_rank,persuasion_rank_pooled,persuasion_rank_shift_pooled,DPS,DPS_state_rf,state_priority_pct,new_rank,new_rank_state_rf,dps_rank_shift_state_rf,old_priority_score,volatility_class,race_entropy_raw,kmeans_cluster_label
42101,PA,Philadelphia County,1579706,1442882.0,58.80730371575777,0.748985062813004,0.743978602529222,0.8961003204075361,1.0,0.748985062813004,0.743978602529222,0.8712437409625347,0.8727456790476693,1.0,1,1,0,0.7101472487104198,0.7088956336394743,1.0,1,2,-1,0.3963815246074622,Highly Volatile,0.9040960526979568,4
42045,PA,Delaware County,579222,656344.0,23.73846641395366,0.8676400518384257,0.8666336162203809,0.8316547001157892,0.6553359225506261,0.8676400518384257,0.8666336162203809,0.8068846194341341,0.8071865501195475,0.9848484848484849,2,3,1,0.6669771640141771,0.6667255551096659,0.9696969696969697,3,3,0,0.3426039051241291,Volatile,0.7367803008748712,4
42003,PA,Allegheny County,1238177,1441008.0,20.30814540932458,0.5811553959112784,0.8494074867942513,0.6565679208767952,0.9993122518853874,0.5811553959112784,0.8494074867942513,0.7829686568537504,0.7024930295888586,0.9696969696969697,3,6,3,0.6502209126126999,0.717283935333443,0.9545454545454546,4,1,3,0.4368701722987849,Stable,0.5810251266042415,4
42091,PA,Montgomery County,867573,1041812.0,22.804882262826688,0.9103542555311898,0.7499040675870396,0.7563353028468971,0.8409032365407161,0.9103542555311898,0.7499040675870396,0.7713195190077036,0.8194545753909487,0.9545454545454546,4,2,-2,0.704102655057774,0.6639901080717364,0.9848484848484849,2,4,-2,0.422443840174069,Highly Volatile,0.6557340955292557,4
42077,PA,Lehigh County,378792,379620.0,2.692165850060583,0.8511562125181313,0.7476345929440359,0.7282152964212631,0.4843324032615718,0.8511562125181313,0.7476345929440359,0.6852645067461567,0.7163209926183853,0.9393939393939394,5,5,0,0.6068791524092213,0.5809987475156974,0.9090909090909091,7,6,1,0.4272401872061218,Volatile,0.6994181757902501,0
42029,PA,Chester County,547840,649928.0,14.457601457392208,0.8878436319442505,0.7438038987672118,0.6616170282021041,0.6518372926731473,0.8878436319442505,0.7438038987672118,0.6843171422658451,0.7275290622189567,0.9242424242424242,6,4,-2,0.6399300674707674,0.6039201341765078,0.9393939393939394,5,5,0,0.4023293671857104,Highly Volatile,0.5844714682743328,4
42089,PA,Monroe County,167515,171050.0,-0.782227418883366,0.6798531570674922,0.7379527526395175,0.753742159283767,0.3058074462564754,0.6798531570674922,0.7379527526395175,0.6594183946850338,0.6419885160134262,0.9090909090909091,7,8,1,0.5338067865444485,0.5483316854374548,0.8333333333333334,12,9,3,0.4924909192339483,Highly Volatile,0.7304380545324657,0
42043,PA,Dauphin County,289593,299052.0,5.920709441836209,0.704757955786903,0.572749749356251,0.7819704767695154,0.4232732321854303,0.704757955786903,0.572749749356251,0.647464809628719,0.6870672715579146,0.8939393939393939,8,7,-1,0.5791139279598144,0.5461118763521514,0.8787878787878788,9,10,-1,0.3845618687772261,Volatile,0.7754259626796781,0
42011,PA,Berks County,433015,419676.0,-12.177012743163772,0.7414366476906368,0.6723105503199932,0.604180463288253,0.5122642318939636,0.7414366476906368,0.6723105503199932,0.6062362431189172,0.6269740723301103,0.8787878787878788,9,9,0,0.5578621827801368,0.5405806584374758,0.8636363636363636,10,11,-1,0.3835608552405246,Volatile,0.5954582685481367,0
42095,PA,Northampton County,318580,356430.0,-1.7742614258059035,0.8442210871258082,0.7046275774535069,0.5235546200907941,0.4674843339146937,0.8442210871258082,0.7046275774535069,0.5666624500643879,0.6085405029660782,0.8636363636363636,10,10,0,0.5858869906945391,0.5509886132764638,0.8939393939393939,8,8,0,0.46330469325277,Volatile,0.5996984169726355,1
42017,PA,Bucks County,647461,802056.0,-0.0725635117747458,0.8783174812975117,0.6758960037210809,0.3831614829877681,0.7306281406370978,0.8783174812975117,0.6758960037210809,0.5404751707376279,0.6012016140105572,0.8484848484848485,11,11,0,0.6231174454317564,0.5725120760376486,0.9242424242424242,6,7,-1,0.6504797755849017,Highly Volatile,0.5043364496029676,1
42027,PA,Centre County,158576,161584.0,2.834439053371618,0.4506367472740539,0.7217574730824728,0.4852031230412097,0.29557743050106244,0.4506367472740539,0.7217574730824728,0.5182442895455592,0.4369080718030335,0.8333333333333334,12,16,4,0.38645289540025807,0.4542330768523628,0.7272727272727273,19,18,1,0.2734515594311401,Moderate,0.460730977456661,4
42079,PA,Luzerne County,327675,312300.0,-19.17387127761767,0.5704749051209014,0.5671379865232808,0.5178696822743156,0.4338336060187662,0.5704749051209014,0.5671379865232808,0.5158429582978953,0.5168440338771815,0.8181818181818181,13,13,0,0.4733392168514521,0.4725049872020469,0.803030303030303,14,14,0,0.3834718576008746,Highly Volatile,0.5372196057882952,0
42041,PA,Cumberland County,268323,296792.0,-9.442303027035775,0.8319895226548478,0.7034574090941738,0.3779673495015349,0.42144852963330914,0.8319895226548478,0.7034574090941738,0.48431060340568144,0.5228702374738836,0.803030303030303,14,12,-2,0.5557027774196965,0.523569749029528,0.8484848484848485,11,12,-1,0.4820807738443455,Volatile,0.5006570976135863,1
42049,PA,Erie County,269052,275190.0,-1.0247465387550392,0.3313734161113322,0.5702689721269446,0.4245100255749832,0.403644045365019,0.3313734161113322,0.5702689721269446,0.4640645134985788,0.3923958466938951,0.7878787878787878,15,19,4,0.41006895715143526,0.46979284615533834,0.7575757575757576,17,15,2,0.4581305208330078,Moderate,0.4708245316100663,0
42071,PA,Lancaster County,557931,578514.0,-15.951904361865047,0.47458744072712306,0.500197862431686,0.3677441919879475,0.6116638664107414,0.47458744072712306,0.500197862431686,0.4562642280056278,0.448581101494259,0.7727272727272727,16,15,-1,0.45550918321637796,0.4619117886425187,0.7878787878787878,15,16,-1,0.3022509546524168,Stable,0.4933121672695565,1
42133,PA,York County,462924,498420.0,-25.263031178524145,0.37308325298357287,0.5151506753910009,0.37581876628197874,0.5635294754087106,0.37308325298357287,0.5151506753910009,0.45516048084003174,0.4125402541178034,0.7575757575757576,17,18,1,0.42135806462765885,0.45687492022951587,0.7727272727272727,16,17,-1,0.2861822908331591,Moderate,0.4991252473409238,1
42069,PA,Lackawanna County,216146,233180.0,2.7866883952311454,0.526950277567431,0.459640106350478,0.44342200459195724,0.3668918288143306,0.526950277567431,0.459640106350478,0.4329813999639881,0.45317445132907397,0.7424242424242424,18,14,-4,0.5038553011342282,0.4870277583299899,0.8181818181818181,13,13,0,0.5735878833478495,Highly Volatile,0.4852409930137282,0
42103,PA,Pike County,60621,69900.0,-24.048640915593708,0.6430730898284437,0.49545698729375204,0.40513718512800323,0.1743089348707583,0.6430730898284437,0.49545698729375204,0.38606747572627886,0.4303523064866864,0.7272727272727273,19,17,-2,0.3838171022190751,0.3469130765854022,0.7121212121212122,20,19,1,0.3068097334044356,Highly Volatile,0.5195884453278343,1
42075,PA,Lebanon County,144186,147384.0,-31.954621939966344,0.232811740792978,0.2950405105214702,0.33453421392779137,0.27965184171828567,0.232811740792978,0.2950405105214702,0.31170962846399386,0.2930409975454462,0.7121212121212122,20,21,1,0.3010905743057095,0.31664776673783257,0.6515151515151515,24,23,1,0.1739771042600037,Stable,0.4682214877056789,1
42119,PA,Union County,42456,42376.0,-23.381159146686805,0.18765815071025055,0.4969846722764683,0.2560207779759364,0.12272009583089713,0.18765815071025055,0.4969846722764683,0.3016498098370881,0.2088518533672228,0.696969696969697,21,30,9,0.2304220246562461,0.30775365504780056,0.5454545454545454,31,24,7,0.1658991129911928,Very Stable,0.3942471144260461,1
42125,PA,Washington County,210042,243234.0,-25.505480319363244,0.2738039090157456,0.37860627607686426,0.20240901726268506,0.3759704511243634,0.2738039090157456,0.37860627607686426,0.2899804816792745,0.2585397715609389,0.6818181818181819,22,24,2,0.3026986352650261,0.3288992270303058,0.6666666666666667,23,22,1,0.2732871962405609,Moderate,0.3101766234161066,1
42129,PA,Westmoreland County,352500,422900.0,-28.42468668716009,0.24075628874253033,0.19890972504447743,0.18670452424903103,0.5144532050225017,0.24075628874253033,0.19890972504447743,0.2559158206423591,0.268469789751775,0.6666666666666667,23,23,0,0.3405182157454905,0.33005657482097733,0.696969696969697,21,21,0,0.2687898596171804,Very Stable,0.2687988548694183,1
42001,PA,Adams County,106115,121300.0,-33.64550700741962,0.16939695584656683,0.3183445299798241,0.21946659343193664,0.24825283679450075,0.16939695584656683,0.3183445299798241,0.2548872230688157,0.21020295082883853,0.6515151515151515,24,28,4,0.24890773950343772,0.286144633036752,0.6060606060606061,27,25,2,0.15750070633772,Very Stable,0.3431525541731282,1
42019,PA,Butler County,197254,242880.0,-32.2068511198946,0.45147341960171056,0.2694873557471082,0.17978172087573108,0.3756540169569126,0.45147341960171056,0.2694873557471082,0.2458678705533805,0.30046368970976123,0.6363636363636364,25,20,-5,0.3882215294836416,0.342725013519991,0.7424242424242424,18,20,-2,0.3164546897328418,Moderate,0.2443347265878845,1
42055,PA,Franklin County,157379,167768.0,-42.98912784321205,0.09611469493893245,0.13953121763857065,0.256801044774138,0.3022933829756416,0.09611469493893245,0.13953121763857065,0.23071856427376852,0.21769360746387706,0.6212121212121212,26,27,1,0.2545353543942354,0.26538948506914495,0.6212121212121212,26,27,-1,0.1480756039336104,Stable,0.3951611083562642,1
42007,PA,Beaver County,166324,189686.0,-20.70896112522801,0.26014811625816525,0.3850787744161585,0.08311040942153435,0.3251517068017936,0.26014811625816525,0.3850787744161585,0.22210917839597344,0.18462998094857547,0.6060606060606061,27,32,5,0.24444337603075209,0.2756760405702504,0.5909090909090908,28,26,2,0.2488870573373861,Moderate,0.3692340663987202,3
42093,PA,Montour County,18103,19816.0,-21.01332256762213,0.5382583119210299,0.2526741564077478,0.21395420063756326,0.06535535064298223,0.5382583119210299,0.2526741564077478,0.19585041736970243,0.28152566402368706,0.5909090909090908,28,22,-6,0.3284502197933539,0.2570541809150334,0.6818181818181819,22,28,-6,0.2909238386474342,Volatile,0.3334220454939722,1
42053,PA,Forest County,6715,5300.0,-44.45283018867926,0.39067449147250843,0.22645093497833438,0.21005667536419895,0.005449393295223984,0.39067449147250843,0.22645093497833438,0.17405349683464458,0.22332056378289677,0.5757575757575757,29,26,-3,0.2301050368317462,0.18904914770820272,0.5303030303030303,32,37,-5,0.091853122296701,Very Stable,0.4901375969875506,3
42051,PA,Fayette County,125997,126944.0,-37.94586589362238,0.525074490480236,0.2880662432854385,0.0501286275334847,0.2553131641263461,0.525074490480236,0.2880662432854385,0.1625468195776431,0.23364929373608234,0.5606060606060606,30,25,-5,0.26152545404197064,0.2022733922432713,0.6363636363636364,25,33,-8,0.2109349076295991,Volatile,0.3124907870121126,3
42013,PA,Blair County,121277,129898.0,-43.4571740904402,0.12338404923476617,0.2846160961587433,0.029903902355739725,0.2589458997716553,0.12338404923476617,0.2846160961587433,0.15212595997982392,0.10375634590263078,0.5454545454545454,31,44,13,0.19324678364269762,0.2335547953736919,0.43939393939393945,38,29,9,0.1340336845644465,Very Stable,0.2572184046473524,3
42085,PA,Mercer County,109257,116820.0,-30.15921931176169,0.379148988761733,0.22850714057184654,0.0653652681173079,0.24253082906694926,0.379148988761733,0.22850714057184654,0.14974094204359778,0.19493349650056369,0.5303030303030303,32,31,-1,0.23350091604884984,0.1958404540013782,0.5606060606060606,30,35,-5,0.2231204976616717,Volatile,0.3418407279278033,3
42073,PA,Lawrence County,85024,94220.0,-33.765654850350245,0.47326625596674254,0.2572375656679063,0.05116150426772462,0.21182644076324164,0.47326625596674254,0.2572375656679063,0.14511730998688252,0.20992591707653338,0.5151515151515151,33,29,-4,0.24295710708298948,0.1889499345082804,0.5757575757575757,29,38,-9,0.2038325522514715,Volatile,0.3147183160242255,3
42099,PA,Perry County,46239,51450.0,-49.32167152575316,0.15176077764825127,0.09145000584211117,0.1706122038388121,0.14120409130587971,0.15176077764825127,0.09145000584211117,0.14098192193321535,0.15907515347505738,0.5,34,35,1,0.20576212184743845,0.19068442889590342,0.4696969696969697,36,36,0,0.102034285999934,Very Stable,0.2001775662121612,1
42081,PA,Lycoming County,113489,119370.0,-41.4593281393985,0.15510792274570354,0.18418389943389943,0.06460263215816202,0.24580095817945177,0.15510792274570354,0.18418389943389943,0.13671667754514122,0.12799388453868243,0.48484848484848486,35,37,2,0.2083827096662227,0.21565170383827167,0.48484848484848486,35,30,5,0.1512779590159787,Stable,0.3405245940612799,3
42107,PA,Schuylkill County,143558,146368.0,-42.06247267162221,0.09888583565545811,0.14032959246635723,0.07287778861009746,0.2784835451908033,0.09888583565545811,0.14032959246635723,0.13423448108311656,0.12180135403984682,0.4696969696969697,36,40,4,0.19280221719595309,0.20316315639867785,0.4242424242424242,39,32,7,0.1802942681686707,Moderate,0.3541351487772993,3
42037,PA,Columbia County,65362,65152.0,-31.025908644400783,0.20020054132036466,0.2761132275876857,0.036078880238018425,0.1662555867149149,0.20020054132036466,0.2761132275876857,0.13412452573829792,0.11135071985810159,0.4545454545454546,37,41,4,0.19064929005665399,0.20962746162348425,0.40909090909090906,40,31,9,0.1608959622793197,Very Stable,0.2770793276042282,3
42021,PA,Cambria County,131538,142272.0,-39.685953666216825,0.25349912670823077,0.19496245715069252,0.04061507078626399,0.27373192447065886,0.25349912670823077,0.19496245715069252,0.1335426574324715,0.151103658299733,0.43939393939393945,38,36,-2,0.21635439030446804,0.20172022291508349,0.5,34,34,0,0.1613384623691247,Stable,0.2897301359940248,3
42063,PA,Indiana County,83042,84458.0,-39.11529991238248,0.18222181818749966,0.21727733932733959,0.03085520029870384,0.19742802761469166,0.18222181818749966,0.21727733932733959,0.12009640747049213,0.10957975112854015,0.4242424242424242,39,43,4,0.1755588780390007,0.18432275832396067,0.3939393939393939,41,39,2,0.1646833180099656,Stable,0.2605170420591327,3
42127,PA,Wayne County,51262,58888.0,-37.09074853960061,0.3568617583169398,0.1399482525730204,0.06636572689118285,0.15516744950482464,0.3568617583169398,0.1399482525730204,0.10620082911846249,0.17127488084163828,0.40909090909090906,40,33,-7,0.22282467364130765,0.16859629720532776,0.5151515151515151,33,41,-8,0.2150831700122826,Highly Volatile,0.3435470039445125,3
42097,PA,Northumberland County,90560,87044.0,-39.92693350489408,0.04884500484154071,0.13593629703629717,0.04904296045423996,0.2013198715311704,0.04884500484154071,0.13593629703629717,0.10556634364424322,0.07943895598581627,0.3939393939393939,41,52,11,0.16028614900097324,0.18205897204966234,0.31818181818181823,46,40,6,0.1728662373190679,Moderate,0.3101039820002492,3
42025,PA,Carbon County,65382,70790.0,-34.79022460799548,0.1593151832377566,0.13686980095927473,0.05545073388866114,0.1757877357797941,0.1593151832377566,0.13686980095927473,0.1039438543880718,0.11067746907161635,0.3787878787878788,42,42,0,0.17222075999824116,0.1666094144286207,0.36363636363636365,43,42,1,0.1802079846431682,Moderate,0.3235536531028154,3
42059,PA,Greene County,34835,34472.0,-44.830587143188666,0.13801796332919447,0.19666485850750567,0.031572778804915505,0.10492680151987152,0.13801796332919447,0.19666485850750567,0.09577120725868377,0.0781771387051904,0.36363636363636365,43,54,11,0.13528687607824808,0.14994859987282588,0.10606060606060608,60,47,13,0.1357696377142819,Moderate,0.2629422033134992,3
42033,PA,Clearfield County,78635,80860.0,-51.531041305960926,0.14922503703516446,0.1373300532800533,0.027375986447876408,0.1919126411211999,0.14922503703516446,0.1373300532800533,0.09326953743219418,0.09683803255872753,0.3484848484848485,44,45,1,0.16215718382418726,0.15918343788540948,0.33333333333333337,45,45,0,0.1058593090171937,Stable,0.2479436892584562,3
42039,PA,Crawford County,82716,85744.0,-39.24939354357157,0.09853811330537095,0.1393932866153455,0.02179121188138116,0.19937075061930262,0.09853811330537095,0.1393932866153455,0.09258774204915476,0.0803311900561624,0.33333333333333337,45,50,5,0.152034509498092,0.16224830282558564,0.24242424242424243,51,44,7,0.1342308162016459,Very Stable,0.224157173524614,3
42109,PA,Snyder County,39668,40076.0,-47.03563229863259,0.12415888039287735,0.19429690008134276,0.016727051110960116,0.11772758934292242,0.12415888039287735,0.19429690008134276,0.09019811344846737,0.06915670754192775,0.31818181818181823,46,57,11,0.1473002971449389,0.16483480206705525,0.21212121212121215,53,43,10,0.0810008939205582,Very Stable,0.196837197922049,3
42035,PA,Clinton County,37798,37044.0,-40.870316380520464,0.4337867527905395,0.18239814303343727,0.018292412223757454,0.11092179548198788,0.4337867527905395,0.18239814303343727,0.08605000811830749,0.16146659104543815,0.303030303030303,47,34,-13,0.19467853327914492,0.13183138083986934,0.4545454545454546,37,55,-18,0.1801538290904205,Volatile,0.2060518446310309,3
42061,PA,Huntingdon County,43653,46312.0,-52.94092243910866,0.09243064255974474,0.0891233965381024,0.04980770971722995,0.13095917747874972,0.09243064255974474,0.0891233965381024,0.07783270931579564,0.07882488312228834,0.28787878787878785,48,53,5,0.13894056889379494,0.13811375738838436,0.12121212121212122,59,52,7,0.0920552562033786,Very Stable,0.3117901949827127,3
42121,PA,Venango County,49801,53464.0,-42.11806075115966,0.15575993433463706,0.12915158942364827,0.018823943450924342,0.1450794499125377,0.15575993433463706,0.12915158942364827,0.0771733385350642,0.08515584200836084,0.2727272727272727,49,47,-2,0.15844771919532913,0.15179563296758192,0.303030303030303,47,46,1,0.1019663242970208,Very Stable,0.2090075913056122,3
42023,PA,Cameron County,4427,4438.0,-50.292924740874255,0.39331888508401847,0.21866462574233472,0.018937515945439003,0.0,0.39331888508401847,0.21866462574233472,0.0750681456954199,0.12746442349792503,0.25757575757575757,50,38,-12,0.17155034344088632,0.12788677860546538,0.3484848484848485,44,60,-16,0.1304370911205747,Moderate,0.2096286628498403,3
42083,PA,McKean County,39904,39364.0,-47.18016461741693,0.15211385323127785,0.11762293262293262,0.029817438504458862,0.11615319369168765,0.15211385323127785,0.11762293262293262,0.07342623777744675,0.08377351395995031,0.24242424242424243,51,48,-3,0.15238486042586302,0.1437621302737767,0.25757575757575757,50,50,0,0.0940841576656732,Very Stable,0.2569136814196586,3
42115,PA,Susquehanna County,38219,44808.0,-44.728619889305484,0.11239735599939756,0.11858468782679314,0.015354354824701929,0.12785386780232458,0.11239735599939756,0.11858468782679314,0.06882335732085382,0.06696715777263515,0.2272727272727273,52,58,6,0.12844808125578555,0.12999491421263445,0.06060606060606055,63,58,5,0.1322198538326626,Stable,0.1880393206775033,3
42031,PA,Clarion County,37179,39466.0,-53.07859930066387,0.3121806930228277,0.12123184054507588,0.017441998535358466,0.11637960788280238,0.3121806930228277,0.12123184054507588,0.06836647300776247,0.12565112875108803,0.21212121212121215,53,39,-14,0.17277029844852834,0.12503308532909038,0.3787878787878788,42,61,-19,0.1312565669611202,Volatile,0.2011452253020064,3
42015,PA,Bradford County,59858,62384.0,-47.9193382918697,0.11038809687022945,0.09297545935316837,0.01600024692125555,0.16142472716996842,0.11038809687022945,0.09297545935316837,0.06817770670057197,0.07340149795569029,0.19696969696969702,54,56,2,0.14144947216067616,0.13709631278141088,0.16666666666666663,56,53,3,0.128899489718007,Stable,0.1922703594681404,3
42111,PA,Somerset County,72799,81762.0,-57.23196594995229,0.1088328816111907,0.05992784160284159,0.021143379459377564,0.1933066569441253,0.1088328816111907,0.05992784160284159,0.06721137359936633,0.08188288560187106,0.18181818181818177,55,49,-6,0.15662254664517256,0.1443962866430853,0.2727272727272727,49,49,0,0.0705649847897082,Very Stable,0.2210272014574258,3
42009,PA,Bedford County,47513,56320.0,-68.61505681818181,0.06262639402020312,0.10183994061494069,0.011686597685111063,0.15045192699124943,0.06262639402020312,0.10183994061494069,0.06648566642528762,0.05472160244686636,0.16666666666666663,56,62,6,0.132020283317153,0.14182366996583737,0.09090909090909094,61,51,10,0.0347534242742447,Very Stable,0.160118288518124,3
42065,PA,Jefferson County,43864,46258.0,-58.48934238402006,0.15449395193550544,0.10951258480082013,0.010552134945742796,0.13084856406620327,0.15449395193550544,0.10951258480082013,0.06429955572635809,0.07779396586676368,0.1515151515151515,57,55,-2,0.15822562145301206,0.14698027966934074,0.28787878787878785,48,48,0,0.0529048700068701,Very Stable,0.1497141927171424,3
42047,PA,Elk County,30506,34306.0,-46.98886492158808,0.1959864952754814,0.10789111999112001,0.013866303224869718,0.10453231444585043,0.1959864952754814,0.10789111999112001,0.060206950498940946,0.08663556308424936,0.13636363636363635,58,46,-12,0.14475910814367035,0.12273526432257999,0.19696969696969702,54,62,-8,0.1280818212371268,Stable,0.177591375346284,3
42005,PA,Armstrong County,64622,74238.0,-53.18839408389235,0.061084452516930184,0.038683816183816166,0.012939043421327843,0.18143088019041637,0.061084452516930184,0.038683816183816166,0.05436084260389205,0.06108103350382625,0.12121212121212122,59,61,2,0.1391544924912297,0.13355433340795117,0.13636363636363635,58,54,4,0.0839118013103974,Very Stable,0.1705120703483666,3
42087,PA,Mifflin County,46041,44142.0,-56.40433147569209,0.1520943650895287,0.06257565783889309,0.018345924084719176,0.1264621427630501,0.1520943650895287,0.06257565783889309,0.053238087946637536,0.08009370012182822,0.10606060606060608,60,51,-9,0.15111299237307416,0.12873331556041526,0.2272727272727273,52,59,-7,0.0666339989012793,Very Stable,0.2063531529361149,3
42123,PA,Warren County,37920,41446.0,-39.246248130096994,0.10880305859236293,0.05605498684322211,0.015289270015360602,0.12071811568323616,0.10880305859236293,0.05605498684322211,0.04860475419729417,0.06442917572203641,0.09090909090909094,61,60,-1,0.14474826770363217,0.13156124976634695,0.18181818181818177,55,56,-1,0.102173574667353,Very Stable,0.1876034029904359,3
42117,PA,Tioga County,40945,43174.0,-51.75337008384676,0.05212327545319379,0.05291784049284049,0.012819500656462033,0.1244204788240131,0.05212327545319379,0.05291784049284049,0.04716919824088578,0.04693082872899178,0.0757575757575758,62,65,3,0.13077751448488473,0.13097615574479637,0.0757575757575758,62,57,5,0.091129316691975,Very Stable,0.1695635233195928,3
42067,PA,Juniata County,23379,24208.0,-61.39292795769994,0.06946751861876414,0.045164196914196895,0.024556837909682435,0.07841733201787791,0.06946751861876414,0.045164196914196895,0.04151114443267587,0.048802140944046044,0.06060606060606055,63,64,1,0.12540138257522349,0.11932555214908167,0.030303030303030276,65,63,2,0.0348381942511156,Very Stable,0.2365849884757657,3
42105,PA,Potter County,16188,18170.0,-62.28948816730875,0.0706998329585052,0.0744716979099332,0.01334717394603996,0.060090704371942076,0.0706998329585052,0.0744716979099332,0.041033237220388354,0.03990167773495995,0.045454545454545414,64,67,3,0.11756590550014256,0.11850887173799957,0.015151515151515138,66,65,1,0.0820644949322305,Stable,0.1736871465869363,3
42113,PA,Sullivan County,5888,7442.0,-46.89599570008062,0.17456588236865214,0.08780329246776618,0.019768160123819094,0.01731801926803507,0.17456588236865214,0.08780329246776618,0.039688671655846414,0.0657174486261122,0.030303030303030276,65,59,-6,0.1409782082065258,0.1192875607313043,0.1515151515151515,57,64,-7,0.0959886489442606,Very Stable,0.214064482120964,3
42057,PA,Fulton County,14531,16354.0,-72.60609025314909,0.06806218621650233,0.05318389943389943,0.018893823054663222,0.05399737301704474,0.06806218621650233,0.05318389943389943,0.03620155596091039,0.040665041995691265,0.015151515151515138,66,66,0,0.1099596885706564,0.10624011687500567,0.0,67,67,0,0.0241405644014916,Very Stable,0.2093901557372437,3
42131,PA,Wyoming County,25967,30104.0,-36.81902737177784,0.07276770093392691,0.025859196359196354,0.017663271358458507,0.0942080300459101,0.07276770093392691,0.025859196359196354,0.03543100059617018,0.04950355196858935,0.0,67,63,-4,0.12780564343539974,0.1160785172917171,0.045454545454545414,64,66,-2,0.1598615571057755,Moderate,0.202443856718412,3
26125,MI,Oakland County,1279825,772145.0,10.584540468435328,0.8870775534750759,0.8803290908867536,0.8017660279700096,0.9470796730513574,0.8870775534750759,0.8803290908867536,0.8543976758613023,0.8564222146377991,1.0,1,1,0,0.7410143713861883,0.7393272557391077,1.0,1,1,0,0.4275858717880859,Highly Volatile,0.6996573638000524,4
26163,MI,Wayne County,1772259,856690.0,28.968705132545036,0.7680936415407775,0.6996016532916692,0.7879768483670675,1.0,0.7680936415407775,0.6996016532916692,0.8038689201710346,0.8244165166457671,0.9878048780487805,2,2,0,0.6780582054369579,0.6609352083746809,0.9878048780487805,2,3,-1,0.4068202912710756,Highly Volatile,0.7874544195341214,0
26161,MI,Washtenaw County,369822,221542.0,44.374430130629854,0.768865593780144,0.9194182975950782,0.8153143765608952,0.4862509919787032,0.768865593780144,0.9194182975950782,0.7807328759547117,0.7355670648102315,0.975609756097561,3,3,0,0.6020683607064481,0.6397065366601816,0.9512195121951219,5,4,1,0.2091806861905439,Volatile,0.7153401460066209,4
26065,MI,Ingham County,283913,148101.0,29.69460030654756,0.6878050043695554,0.7945199594952691,0.810379080442172,0.3893006314166536,0.6878050043695554,0.7945199594952691,0.7214056543529974,0.6893911678152833,0.9634146341463414,4,5,1,0.5550600456268824,0.5817387844083108,0.926829268292683,7,6,1,0.2412119035181426,Volatile,0.709439732547774,4
26081,MI,Kent County,663150,371947.0,5.36312969320899,0.82845567889283,0.8572728218290142,0.6600284642655689,0.64345235171609,0.82845567889283,0.8572728218290142,0.7158865490247067,0.7072414061438514,0.9512195121951219,5,4,-1,0.6546478414376633,0.6618521271717094,0.975609756097561,3,2,1,0.4204191650670417,Highly Volatile,0.6367523777465004,0
26099,MI,Macomb County,879853,509152.0,-13.686089812079691,0.7469424957538495,0.6294536648250271,0.6178783965097326,0.7605404737962453,0.7469424957538495,0.6294536648250271,0.6498833924616235,0.6851300417402703,0.9390243902439024,6,6,0,0.6251261077023944,0.5957538999701888,0.9634146341463414,4,5,-1,0.4491515317285461,Highly Volatile,0.6051347446132775,0
26077,MI,Kalamazoo County,262375,145710.0,17.72699197035206,0.7068802273491894,0.7695904253898832,0.5902787774782494,0.38577792964752916,0.7068802273491894,0.7695904253898832,0.6031721022855955,0.5843590428733874,0.926829268292683,7,7,0,0.5143864820337162,0.5300640315438896,0.9146341463414634,8,8,0,0.2631166807892624,Volatile,0.5858384158769148,0
26049,MI,Genesee County,403305,223268.0,4.195406417399717,0.5357555364957409,0.42029248382336604,0.6195592268503005,0.4883177092528517,0.5357555364957409,0.42029248382336604,0.5335309004227304,0.5681698162244428,0.9146341463414634,8,8,0,0.5744861683519453,0.5456204051838516,0.9390243902439024,6,7,-1,0.5140191117681953,Volatile,0.6063381593829327,0
26145,MI,Saginaw County,188665,103846.0,-3.271190031392635,0.2573151868925096,0.34976570678203794,0.6645097735006494,0.31861532502451584,0.2573151868925096,0.34976570678203794,0.5009076637898393,0.47317250782298076,0.9024390243902439,9,9,0,0.4260814238087034,0.4491940537810855,0.8658536585365854,12,12,0,0.4527065624153134,Moderate,0.6403351677152206,0
26021,MI,Berrien County,153288,84488.0,-7.873307451945848,0.2932164650791511,0.4633127188171302,0.6078091477794891,0.2829456896388051,0.2932164650791511,0.4633127188171302,0.4994875274626447,0.44845865134125096,0.8902439024390244,10,10,0,0.4259332058286906,0.46845726926318537,0.8536585365853658,13,10,3,0.3979381744752179,Moderate,0.5980004511108634,0
26025,MI,Calhoun County,133778,68505.0,-14.039851105758691,0.14623464457823152,0.40636449551480536,0.5717834341418823,0.2502685403327685,0.14623464457823152,0.40636449551480536,0.4578547737919364,0.37981581851096424,0.8780487804878049,11,14,3,0.3271671471754552,0.3921996099095987,0.7682926829268293,20,15,5,0.266251276965686,Moderate,0.5732687713521405,0
26121,MI,Muskegon County,175961,95181.0,-1.7913238986772555,0.16288932079971555,0.3776986542868892,0.5365329467576776,0.30310066469470853,0.16288932079971555,0.3776986542868892,0.44219620260384723,0.3777534025576952,0.8658536585365854,12,15,3,0.32082779350899426,0.3745301268807877,0.7560975609756098,21,17,4,0.2599867814706225,Stable,0.5496885282608998,0
26139,MI,Ottawa County,301203,178507.0,-20.436173371352385,0.6211906713384657,0.6307409891192396,0.29580195372193063,0.431835456387792,0.6211906713384657,0.6307409891192396,0.4234903648742956,0.42062526954006346,0.8536585365853658,13,11,-2,0.45407506361396477,0.4564626430591583,0.8902439024390244,10,11,-1,0.3124561993910673,Highly Volatile,0.4353276295982113,1
26045,MI,Eaton County,109130,65208.0,-3.137651821862349,0.5527792453229411,0.4978892576807438,0.37654337798945325,0.2430675558433749,0.5527792453229411,0.4978892576807438,0.38625197746762474,0.4027189737602839,0.8414634146341463,14,13,-1,0.37592851603315497,0.36220601912260564,0.8048780487804879,17,19,-2,0.2874452354519076,Volatile,0.4996425347879528,1
26093,MI,Livingston County,195833,132448.0,-23.944491423049044,0.7140135525465257,0.6796041041603738,0.17632843027729214,0.3656910032980557,0.7140135525465257,0.6796041041603738,0.3651836470463693,0.3755064815622149,0.8292682926829268,15,16,1,0.4085182752532783,0.3999159131567403,0.8292682926829268,15,13,2,0.2599859540668819,Volatile,0.2297430252884758,1
26037,MI,Clinton County,79626,49986.0,-8.604409234585681,0.596459220742784,0.6852466033278727,0.22046928484258305,0.207172244727151,0.596459220742784,0.6852466033278727,0.35724307236508357,0.33060685758955694,0.8170731707317074,16,21,5,0.35148743412372196,0.3736842797699941,0.7804878048780488,19,18,1,0.3061546340996326,Volatile,0.3448453367364455,1
26075,MI,Jackson County,160060,83827.0,-21.295048134849157,0.11548255533614853,0.2900129729747379,0.39741177743644984,0.28165901832706336,0.11548255533614853,0.2900129729747379,0.34204158427605896,0.28968245898448214,0.8048780487804879,17,24,7,0.2732986617826403,0.3169312661922876,0.6463414634146342,30,25,5,0.201699562460395,Stable,0.4486225340465412,0
26111,MI,Midland County,83757,50301.0,-15.1985049999006,0.26378080666919707,0.6578346545611254,0.20314323348397753,0.20796660131419817,0.26378080666919707,0.6578346545611254,0.34051533337316603,0.22229917900558754,0.7926829268292683,18,31,13,0.282460727326563,0.38097418929954513,0.6585365853658536,29,16,13,0.2871066006666949,Moderate,0.3117949907880709,1
26061,MI,Houghton County,37693,19374.0,-17.033137194177762,0.3616280621717854,0.5842967774056009,0.2778692393383709,0.11186918391229198,0.3616280621717854,0.5842967774056009,0.3365974896733241,0.26979687510317946,0.7804878048780488,19,27,8,0.29513991221336144,0.35080709102181534,0.6951219512195121,26,20,6,0.3441752725461928,Moderate,0.2822404662538389,0
26073,MI,Isabella County,64565,30835.0,-7.488243878709269,0.6358123402330579,0.3920251285694012,0.364458325060973,0.15298832322535325,0.6358123402330579,0.3920251285694012,0.3304343657463775,0.40357052924547454,0.7682926829268293,20,12,-8,0.4094535666470206,0.3485067637311064,0.8414634146341463,14,21,-7,0.4924289340840295,Volatile,0.4179516398799944,0
26159,MI,Van Buren County,75795,41169.0,-15.137603536641656,0.10349421070176693,0.26520698292935146,0.4175891940069959,0.18382331315571837,0.10349421070176693,0.26520698292935146,0.32512135451344704,0.2766075228451717,0.7560975609756098,21,26,5,0.2487892299319939,0.2892174229888901,0.6219512195121951,32,29,3,0.2253049548473387,Moderate,0.4653494669717132,0
26089,MI,Leelanau County,22734,17685.0,7.752332485156913,0.7310784247658094,0.6843376289688984,0.19136797959510307,0.1048607273795952,0.7310784247658094,0.6843376289688984,0.32195742396414007,0.3359796627032134,0.7439024390243902,22,20,-2,0.49751647619212674,0.485831277242899,0.9024390243902439,9,9,0,0.5657235472702447,Highly Volatile,0.2827057288230568,1
26055,MI,Grand Traverse County,96166,62772.0,-1.7268845982285086,0.7275822123954476,0.5634992296918766,0.18527058250584347,0.23762938767171757,0.7275822123954476,0.5634992296918766,0.3092109376948282,0.3584358325058995,0.7317073170731707,23,19,-4,0.44006128581992576,0.399040540144033,0.8780487804878049,11,14,-3,0.4839096408367646,Highly Volatile,0.2641541124806771,1
26005,MI,Allegan County,121456,71913.0,-27.21204789120187,0.15781581656330798,0.474915012187675,0.23031686934161147,0.2575320565616436,0.15781581656330798,0.474915012187675,0.30913934963943696,0.21400959095212685,0.7195121951219512,24,33,9,0.24299565665522255,0.3222704555613143,0.5975609756097561,34,23,11,0.2064269319828101,Moderate,0.36039786374399,1
26115,MI,Monroe County,155505,91356.0,-27.12793905162222,0.1372709942790361,0.4174567707748047,0.20241041672238508,0.29602774858885655,0.1372709942790361,0.4174567707748047,0.2856477893114052,0.2015920563626747,0.7073170731707317,25,35,10,0.21769534397987406,0.2877417881038162,0.5121951219512195,41,31,10,0.210074785537291,Moderate,0.3101797290317422,1
26097,MI,Mackinac County,10957,7238.0,-24.88256424426637,0.34769372847506075,0.41711812335411425,0.29380332142184135,0.05075359308769374,0.34769372847506075,0.41711812335411425,0.2821878163346937,0.26136049787097765,0.6951219512195121,26,28,2,0.2958331029301403,0.3131892016499037,0.7073170731707317,25,26,-1,0.3244107471708277,Moderate,0.5478682932784882,3
26033,MI,Chippewa County,36295,18365.0,-24.24720936564116,0.2970684032976288,0.2659314003849608,0.3546925633246422,0.10772096640469044,0.2970684032976288,0.2659314003849608,0.27866989505874745,0.28801099593254786,0.6829268292682926,27,25,-2,0.2689998599957745,0.2612156092676075,0.6341463414634146,31,33,-2,0.1711680384098273,Stable,0.5888739128001226,3
26013,MI,Baraga County,8191,4332.0,-29.801477377654663,0.6639259623584643,0.37431452710516167,0.3118770614846784,0.029003340124478704,0.6639259623584643,0.37431452710516167,0.27403355689878345,0.36091698747477424,0.6707317073170731,28,18,-10,0.32034193512114784,0.24793907630782216,0.7439024390243902,22,34,-12,0.2128186973664675,Volatile,0.5599221817557051,3
26019,MI,Benzie County,18310,12846.0,-8.679744667600815,0.26872704467640307,0.550153800121447,0.18105322211263608,0.08267423828141557,0.26872704467640307,0.550153800121447,0.27210759874903523,0.18767957211552208,0.6585365853658536,29,40,11,0.23012419201427992,0.30048088087554087,0.5731707317073171,36,28,8,0.2414034404232959,Moderate,0.249252158557823,1
26085,MI,Lake County,12563,6915.0,-32.176428054953,0.7700423630463106,0.4277261305344119,0.25785611317335777,0.04858522363072058,0.7700423630463106,0.4277261305344119,0.26696294047314656,0.3696578102267162,0.6463414634146342,30,17,-13,0.31351009326139756,0.22793103513342297,0.7317073170731707,23,42,-19,0.2365168528850504,Highly Volatile,0.5237170358170812,3
26047,MI,Emmet County,34125,22851.0,-10.76539319942234,0.5913129663886301,0.45703830320006766,0.19066458389354585,0.1253935099405741,0.5913129663886301,0.45703830320006766,0.25752248489490803,0.29780488385147674,0.6341463414634146,31,23,-8,0.3545088218442338,0.32094015604709325,0.7926829268292683,18,24,-6,0.3348996303597812,Volatile,0.2807139704413071,1
26029,MI,Charlevoix County,26108,17661.0,-16.9073098918521,0.4736013311524247,0.45861744942364085,0.1754170781688703,0.1047587819261349,0.4736013311524247,0.45861744942364085,0.2462455302967544,0.2507406948153895,0.6219512195121951,32,29,-3,0.2917367308954253,0.2879907604632293,0.6829268292682926,27,30,-3,0.2476864139999333,Volatile,0.2255412839170172,1
26149,MI,St. Joseph County,60969,29307.0,-33.95434537823728,0.15793926494089192,0.1575343364152188,0.3369942599866723,0.14801214183119063,0.15793926494089192,0.1575343364152188,0.24535985928413995,0.24548133784184187,0.6097560975609756,33,30,-3,0.2293438162644438,0.2292425841330255,0.5609756097560976,37,41,-4,0.1487607268734657,Stable,0.3874050219765381,0
26135,MI,Oscoda County,8425,5192.0,-44.33744221879815,0.39243356481010877,0.6856457885252005,0.01812090519792295,0.036047991263727944,0.39243356481010877,0.6856457885252005,0.22196378740926723,0.1340001202947397,0.5975609756097561,34,52,18,0.19090369912554805,0.264206755054321,0.426829268292683,48,32,16,0.0927291883298863,Very Stable,0.2050803569841941,3
26067,MI,Ionia County,66574,34021.0,-31.865612415860795,0.14006567584770843,0.2318870461994146,0.23873772509714314,0.1629820747252665,0.14006567584770843,0.2318870461994146,0.22153139135344924,0.1939849802479374,0.5853658536585367,35,38,3,0.21073914332583482,0.23369448591376135,0.5,42,38,4,0.1437660561492974,Very Stable,0.3724016159792093,1
26095,MI,Luce County,6271,2985.0,-46.93467336683417,0.6561625364747437,0.306587111220393,0.23703332680621325,0.01637368763971718,0.6561625364747437,0.306587111220393,0.21376753429716797,0.31864016187347316,0.5731707317073171,36,22,-14,0.2844675123470973,0.19707365603350963,0.6707317073170731,28,48,-20,0.1417657092771916,Volatile,0.5093889730018041,3
26053,MI,Gogebic County,14319,8295.0,-17.094635322483427,0.5198030593122853,0.6120120342849444,0.029717098311384246,0.05753041179044223,0.5198030593122853,0.6120120342849444,0.2099682417992639,0.18230554930746617,0.5609756097560976,37,41,4,0.2181921297944209,0.24124437353758568,0.524390243902439,40,37,3,0.2499424976394655,Volatile,0.2565590024421438,3
26015,MI,Barry County,63409,38625.0,-34.32750809061489,0.06656980838127557,0.27137620418796893,0.17633656784431806,0.17663024918892528,0.06656980838127557,0.27137620418796893,0.20490719501633475,0.14346527627432676,0.5487804878048781,38,50,12,0.17944314389496036,0.2306447428466337,0.3414634146341463,55,40,15,0.1433453985050514,Very Stable,0.2297798176199818,1
26087,MI,Lapeer County,88837,55439.0,-39.79148253034868,0.12137082060087231,0.21976569933334653,0.18803650509041006,0.22058863885426153,0.12137082060087231,0.21976569933334653,0.2040656901160613,0.17454722649631904,0.5365853658536586,39,43,4,0.20214874514509965,0.2267474648282182,0.4878048780487805,43,44,-1,0.1703301634292743,Moderate,0.2729480134963373,1
26091,MI,Lenawee County,98415,55016.0,-23.040570015995343,0.04860229664100337,0.14116066331329497,0.2349146111920925,0.21957221416569883,0.04860229664100337,0.14116066331329497,0.2037199474231745,0.17595243742148703,0.524390243902439,40,42,2,0.1951346483349683,0.2182742400030412,0.4390243902439024,47,45,2,0.2019175802650724,Moderate,0.3670816538012217,1
26083,MI,Keweenaw County,2133,1611.0,-12.787088764742393,0.6216467068878827,0.6294000035224494,0.015462637475122085,0.0,0.6216467068878827,0.6294000035224494,0.19655131979429588,0.19422533080392587,0.5121951219512195,41,37,-4,0.3030081882396981,0.3049465123983398,0.7195121951219512,24,27,-3,0.3803236419842707,Volatile,0.1887605927484537,3
26017,MI,Bay County,103008,61338.0,-14.71355440346931,0.15453013723331932,0.4129435670538611,0.04667230294657211,0.23437866632604518,0.15453013723331932,0.4129435670538611,0.19409495485465342,0.11657092590849089,0.5,42,56,14,0.18116828462803738,0.2457716420831728,0.35365853658536583,54,35,19,0.2329309381568318,Moderate,0.3047200497492155,3
26069,MI,Iosco County,25347,15731.0,-30.58292543385671,0.3191405926895536,0.49942589764037143,0.02891251241059013,0.09632068702876097,0.3191405926895536,0.49942589764037143,0.18354816290315867,0.12946257141791334,0.4878048780487805,43,53,10,0.1874519017627161,0.23252322800042058,0.3902439024390244,51,39,12,0.1637369683726606,Stable,0.2536732040689575,3
26003,MI,Alger County,8762,5258.0,-19.7984024343857,0.28749384899166813,0.3209674484012719,0.15557037557735917,0.036563593375698145,0.28749384899166813,0.3209674484012719,0.18138814098420078,0.17134606116131967,0.47560975609756095,44,45,1,0.20056036757524903,0.20892876742765,0.47560975609756095,44,46,-2,0.1778574438928253,Stable,0.4470306488137029,3
26007,MI,Alpena County,28880,17213.0,-28.635333759367924,0.3146615705033441,0.45881518726371684,0.021370080876403543,0.10284292610235117,0.3146615705033441,0.45881518726371684,0.16889818183778707,0.12565209680967523,0.46341463414634143,45,54,9,0.1908484006064369,0.2268868047965301,0.41463414634146345,49,43,6,0.152494474023416,Very Stable,0.2221328753183507,3
26009,MI,Antrim County,24127,16883.0,-23.75762601433395,0.23623921909494613,0.45952623242770274,0.02048140348612282,0.10141569585563394,0.23623921909494613,0.45952623242770274,0.16838171064249902,0.10139560664267203,0.4512195121951219,46,59,13,0.18641010371501016,0.24223185704819933,0.36585365853658536,53,36,17,0.2048720895751746,Moderate,0.2177319574534902,3
26071,MI,Iron County,11667,7027.0,-29.315497367297567,0.5573780827702484,0.4576536918963388,0.031152709417980803,0.0493427290055255,0.5573780827702484,0.4576536918963388,0.16274100807899716,0.19265832534117,0.4390243902439024,47,39,-8,0.2301874066231283,0.20525630890465094,0.5853658536585367,35,47,-12,0.2106141049049672,Volatile,0.2615289205161412,3
26153,MI,Schoolcraft County,8128,4898.0,-31.951817068191083,0.2379343567313765,0.372149171906525,0.0848018812636641,0.033710367660278726,0.2379343567313765,0.372149171906525,0.1607877657358453,0.12052332118330075,0.426829268292683,48,55,7,0.161557948306672,0.1951116521004591,0.30487804878048785,58,50,8,0.1519528376534778,Stable,0.3715766204002411,3
26057,MI,Gratiot County,41385,19848.0,-31.297863764611044,0.42445141834382333,0.24229735803412272,0.1275628107690009,0.11378056874186294,0.42445141834382333,0.24229735803412272,0.15922672654310985,0.21387294463602002,0.41463414634146345,49,34,-15,0.22631923048030952,0.18078071540288435,0.5487804878048781,38,57,-19,0.189772661095631,Volatile,0.4210704071523807,3
26131,MI,Ontonagon County,5850,3841.0,-30.35667794845093,0.5180837479770959,0.4452368086849507,0.0209806257545619,0.02466410016550686,0.5180837479770959,0.4452368086849507,0.14899417551586752,0.17084825730351108,0.4024390243902439,50,46,-4,0.19977848062036221,0.1815667457973259,0.46341463414634143,45,55,-10,0.1910128799023088,Volatile,0.2202263490188618,3
26035,MI,Clare County,31218,17288.0,-37.5925497454882,0.6286198449854954,0.39069619906237557,0.020505392685797905,0.10316538354857314,0.6286198449854954,0.39069619906237557,0.14809463277132626,0.2194717265482622,0.3902439024390244,51,32,-19,0.2479795937881141,0.1884986823073341,0.6097560975609756,33,52,-19,0.1723244510086546,Volatile,0.2178531552414346,3
26157,MI,Tuscola County,52980,30717.0,-42.97945762932578,0.3753387396878507,0.3220521760918819,0.026443562254077593,0.15260849445797103,0.3753387396878507,0.3220521760918819,0.14035913284619758,0.1563451019249882,0.3780487804878049,52,48,-4,0.1974937445989983,0.1841721037000061,0.4512195121951219,46,54,-8,0.1577333662457331,Volatile,0.2443156394589752,3
26051,MI,Gladwin County,25693,15488.0,-40.728305785123965,0.40620982854245524,0.3627226699770815,0.019029621665720697,0.09522237231775971,0.40620982854245524,0.3627226699770815,0.13737608628953674,0.15042223385914885,0.36585365853658536,53,49,-4,0.18690699713915931,0.1760352074978159,0.3780487804878049,52,59,-7,0.1685166722422833,Volatile,0.2101297028552826,3
26141,MI,Presque Isle County,13209,8742.0,-28.963623884694584,0.2086675300131913,0.3854801828890063,0.013609648376423759,0.060265523525567896,0.2086675300131913,0.3854801828890063,0.13450198376002734,0.08145818789728285,0.35365853658536583,54,67,13,0.15244203954033783,0.19664520275929157,0.2682926829268293,61,49,12,0.122887777461233,Very Stable,0.1756793283789721,3
26105,MI,Mason County,29207,18064.0,-21.351860053144375,0.1503079299769265,0.3059409146409144,0.03775625666794493,0.1064615385078984,0.1503079299769265,0.3059409146409144,0.13195271042782647,0.08526281502863009,0.3414634146341463,55,64,9,0.1532312229869781,0.19213946915297508,0.2804878048780488,60,51,9,0.1911449459525765,Stable,0.2819215738643427,3
26103,MI,Marquette County,67112,39009.0,8.733881924684049,0.4778786181104262,0.26168958753664634,0.03206871631465505,0.17773085880444736,0.4778786181104262,0.26168958753664634,0.13008740617921088,0.19494411535134484,0.3292682926829268,56,36,-20,0.38459335238005965,0.3305460947366147,0.8170731707317074,16,22,-6,0.5473591660213699,Highly Volatile,0.2645880553321957,3
26001,MI,Alcona County,10397,7483.0,-41.65441667780303,0.18939573820807967,0.35834603794897923,0.018997910181506313,0.05236623966087195,0.18939573820807967,0.35834603794897923,0.12747601440762132,0.07679092448535145,0.31707317073170727,57,68,11,0.13453047444235908,0.17676804937758397,0.14634146341463417,71,58,13,0.1498785778995157,Moderate,0.2099574628890846,3
26043,MI,Dickinson County,25954,15312.0,-36.31792058516197,0.17864628538543353,0.3189619907869907,0.01990914994048145,0.09442149533164805,0.17864628538543353,0.3189619907869907,0.12452747127266756,0.0824327596522004,0.30487804878048785,58,66,8,0.1458422461236867,0.18092117247407602,0.23170731707317072,64,56,8,0.1650817810790229,Moderate,0.2147994692753087,3
26117,MI,Montcalm County,67816,34845.0,-38.96685320705983,0.11341448845657272,0.18955640078875374,0.06377375080557782,0.16548968064786607,0.11341448845657272,0.18955640078875374,0.12185173176898825,0.09900915806933394,0.29268292682926833,59,61,2,0.15114719024072532,0.17018266832377055,0.25609756097560976,62,62,0,0.1582732686834204,Moderate,0.3390785497595958,3
26155,MI,Shiawassee County,67991,40685.0,-23.0625537667445,0.06271950174597625,0.2307299902711667,0.019497214724473255,0.18247231723423285,0.06271950174597625,0.2307299902711667,0.1154620678904332,0.06505892133287608,0.2804878048780488,60,75,15,0.131538381225288,0.1735410033565856,0.13414634146341464,72,61,11,0.1892939063320062,Stable,0.2126377021536107,3
26137,MI,Otsego County,25584,15971.0,-35.32026798572413,0.12056687203209208,0.2810258297258296,0.02008901969183319,0.09739714667553181,0.12056687203209208,0.2810258297258296,0.11383168809877184,0.06569400079065058,0.2682926829268293,61,74,13,0.14426163542927167,0.18437637485270608,0.2195121951219512,65,53,12,0.1606567603603312,Moderate,0.2157298772275606,3
26147,MI,St. Clair County,160221,96524.0,-34.63698147610956,0.3003250782040171,0.09804289949816271,0.04169322269689595,0.3055502281188891,0.3003250782040171,0.09804289949816271,0.11136952682167461,0.17205418043343093,0.25609756097560976,62,44,-18,0.2251581477607566,0.17458760308429302,0.5365853658536586,39,60,-21,0.1960405664812644,Volatile,0.2925429998921119,3
26127,MI,Oceana County,26915,14870.0,-30.00672494956288,0.09479807905209747,0.1177193045516576,0.10826850049686756,0.09238966875295633,0.09479807905209747,0.1177193045516576,0.10792797536452234,0.1010516077146543,0.24390243902439024,63,60,-3,0.14383126500672064,0.1495615713816107,0.20731707317073167,66,69,-3,0.1533874984324148,Stable,0.4006681422753998,3
26107,MI,Mecosta County,41242,22489.0,-30.04580016897149,0.22802552120778788,0.20375014832776445,0.043550366650251145,0.12403582811286776,0.22802552120778788,0.20375014832776445,0.10770739344602845,0.11499000531003549,0.23170731707317072,64,57,-7,0.166957183235121,0.16088834001511512,0.31707317073170727,57,63,-6,0.1741043043496202,Stable,0.2972341461817783,3
26041,MI,Delta County,36813,21874.0,-30.38767486513669,0.09345503087085527,0.22427101411660225,0.029585720360410322,0.12170397157685467,0.09345503087085527,0.22427101411660225,0.10641495873055677,0.06717016375683268,0.2195121951219512,65,73,8,0.12060292662272483,0.15330692243416158,0.04878048780487809,79,67,12,0.1863717269794909,Moderate,0.2560928921453529,3
26027,MI,Cass County,51520,27871.0,-33.92415055075168,0.26080969280682675,0.06673532388663966,0.11070895415219953,0.1432159014574863,0.26080969280682675,0.06673532388663966,0.10401825453358893,0.16224056520964505,0.20731707317073167,66,47,-19,0.19081033183854926,0.1422917396085025,0.4024390243902439,50,77,-27,0.2046286104936229,Volatile,0.4033947224888959,3
26133,MI,Osceola County,23227,13184.0,-47.88379854368932,0.12642525365977983,0.2463902197475727,0.026398514327154402,0.0843473136363914,0.12642525365977983,0.2463902197475727,0.10398578581512728,0.06799629598878942,0.19512195121951215,67,71,4,0.1261599708649197,0.1561512123868679,0.07317073170731703,77,66,11,0.1211083746250523,Stable,0.2441372853714958,3
26023,MI,Branch County,45300,21089.0,-42.37754279482195,0.09100547308094703,0.14942504586916366,0.06323927311817494,0.11867937668270948,0.09100547308094703,0.14942504586916366,0.10018302565637846,0.08265715381991348,0.18292682926829273,68,65,-3,0.1297215419899562,0.14432643518701035,0.09756097560975607,75,73,2,0.144207220306643,Moderate,0.3381373096820701,3
26109,MI,Menominee County,23247,13060.0,-33.62174578866768,0.05443049540616311,0.22150300287947342,0.02551425084158138,0.08373604147950812,0.05443049540616311,0.22150300287947342,0.09595523458053434,0.045833482338541245,0.1707317073170732,69,83,14,0.10364330285636236,0.14541142972468996,0.0,83,72,11,0.1657339950056074,Moderate,0.2405761861256123,3
26011,MI,Arenac County,15077,9158.0,-40.58746451190216,0.39322208311134554,0.24437585127291012,0.018379227152576887,0.06274878741708444,0.39322208311134554,0.24437585127291012,0.09505212644157836,0.13970599599310898,0.1585365853658537,70,51,-19,0.17006268372951383,0.13285112576990496,0.3292682926829268,56,81,-25,0.1848037100361394,Volatile,0.2065402425454727,3
26151,MI,Sanilac County,40462,23339.0,-47.658425810874505,0.1211940994085608,0.18508809797873266,0.021603517499434705,0.12720684739696245,0.1211940994085608,0.18508809797873266,0.09176955762272965,0.07260135805167808,0.14634146341463417,71,69,-2,0.1361129586168145,0.15208645825935746,0.1585365853658537,70,68,2,0.1115139787050192,Stable,0.2232596559232501,3
26079,MI,Kalkaska County,18239,11529.0,-42.87449041547403,0.1065496575286557,0.2174995333699668,0.022331652677876172,0.07593518563513478,0.1065496575286557,0.2174995333699668,0.09160272347695508,0.05831776072456175,0.13414634146341464,72,79,7,0.1314421420029593,0.1591796109632871,0.12195121951219512,73,64,9,0.1174473861684865,Stable,0.2267005164232251,3
26119,MI,Montmorency County,9516,6391.0,-45.32936942575497,0.2785532316658966,0.2302806279977333,0.019916393569333408,0.04495679572403998,0.2785532316658966,0.2302806279977333,0.08803374432879468,0.10251552542924366,0.12195121951219512,73,58,-15,0.15991971243410424,0.1478515615170634,0.29268292682926833,59,71,-12,0.1091091096944628,Stable,0.214837094787912,3
26143,MI,Roscommon County,23737,16068.0,-32.93502613890964,0.1864047985540889,0.1880024599583424,0.019781629809510832,0.09782991900730838,0.1864047985540889,0.1880024599583424,0.0858575366937198,0.08537823827244376,0.1097560975609756,74,63,-11,0.14196230571926674,0.1423617210703301,0.19512195121951215,67,76,-9,0.1558630387623241,Stable,0.2141349186630493,3
26123,MI,Newaygo County,50792,29201.0,-42.80332865312832,0.05423205344743844,0.10508029973122855,0.04929926715901704,0.14766217639913773,0.05423205344743844,0.10508029973122855,0.08570615877870463,0.0704516848935676,0.09756097560975607,75,70,-5,0.13044439330626845,0.14315645487721596,0.1097560975609756,74,75,-1,0.1275559597248436,Stable,0.3106717688997474,3
26039,MI,Crawford County,13369,8476.0,-33.754129306276546,0.1316267881504953,0.19923311440021962,0.02555412725425611,0.0586465864296822,0.1316267881504953,0.19923311440021962,0.08427631523313038,0.06399441735821308,0.08536585365853655,76,77,1,0.12630040087865144,0.14320198244108254,0.08536585365853655,76,74,2,0.1739701283918857,Moderate,0.2407392963406474,3
26129,MI,Ogemaw County,20885,12622.0,-41.9980985580732,0.13417322457404476,0.18898681204416487,0.02162577726847768,0.08155330044372323,0.13417322457404476,0.18898681204416487,0.08381959233623296,0.06737551609519692,0.07317073170731703,77,72,-5,0.12228755591491754,0.13599095278244758,0.060975609756097615,78,80,-2,0.152691103773363,Moderate,0.2233664891879993,3
26165,MI,Wexford County,34077,19476.0,-34.62723351817621,0.07047589462412412,0.14958792988057695,0.031545287695249745,0.11228245190061945,0.07047589462412412,0.14958792988057695,0.08310551319192185,0.059371902614986,0.060975609756097615,78,78,0,0.13892444953978977,0.158702458353903,0.18292682926829273,68,65,3,0.13413462571214,Very Stable,0.2628502569650568,3
26031,MI,Cheboygan County,25865,16423.0,-31.11489983559641,0.0833881503148691,0.12928734386528506,0.04022185361671427,0.09940274264260177,0.0833881503148691,0.12928734386528506,0.078777678496463,0.06500792043133821,0.04878048780487809,79,76,-3,0.13695946461157804,0.14843426299918203,0.1707317073170732,69,70,-1,0.1558934555297514,Stable,0.288686993216068,3
26101,MI,Manistee County,25350,15297.0,-15.944302804471455,0.1177307057103915,0.08677783491018783,0.06345521288169872,0.09435302641863767,0.1177307057103915,0.08677783491018783,0.07663156219763326,0.08591742343769435,0.03658536585365857,80,62,-18,0.14719492062177622,0.13945670292172527,0.24390243902439024,63,78,-15,0.1706603882936046,Very Stable,0.3385184309331943,3
26063,MI,Huron County,31113,18969.0,-40.603089250883016,0.05781979035082539,0.13264104000574595,0.01752250444262407,0.1102174321945268,0.05781979035082539,0.13264104000574595,0.07059705066194118,0.048150675765465015,0.024390243902439046,81,80,-1,0.11914699313819756,0.1378523055519277,0.03658536585365857,80,79,1,0.1172747784304986,Very Stable,0.2016195472473296,3
26059,MI,Hillsdale County,45654,24828.0,-51.37747704204929,0.029196077430366882,0.08436498158704044,0.021790502175198918,0.1326255900673864,0.029196077430366882,0.08436498158704044,0.06272986357718888,0.0461791923301868,0.012195121951219523,82,82,0,0.10702509253344719,0.12081731857261557,0.024390243902439046,81,82,-1,0.1246227480710434,Moderate,0.2241537938835927,3
26113,MI,Missaukee County,15207,9152.0,-55.95498251748252,0.07141928193099108,0.11845183179393705,0.02805991661443259,0.06271337677384405,0.07141928193099108,0.11845183179393705,0.062108183200166214,0.047998418241282426,0.0,83,81,-2,0.10659787750952422,0.11835601497526071,0.012195121951219523,82,83,-1,0.0943667523447387,Stable,0.2505307866414551,3
37183,NC,Wake County,1178653,653580.0,25.43667186878423,0.8505025914230241,0.6095648622619205,0.8770149197632069,1.0,0.8505025914230241,0.6095648622619205,0.8213769185601796,0.8936582373085107,1.0,1,1,0,0.7747469535917041,0.7145125213014282,1.0,1,1,0,0.3296637839036084,Volatile,0.8262164655462205,4
37119,NC,Mecklenburg County,1154681,577505.0,32.67227123574688,0.7379779763322329,0.47400742445548927,0.892082182495028,0.9367204407592354,0.7379779763322329,0.47400742445548927,0.7755874067360079,0.854778572299031,0.98989898989899,2,2,0,0.7262793252777235,0.6602866873085376,0.98989898989899,2,2,0,0.309542274147746,Volatile,0.8824457565908255,4
37107,NC,Lenoir County,54919,27503.0,-6.777442460822456,0.6795366918255465,0.9184820573217627,0.9179807050822307,0.1616691957262035,0.6795366918255465,0.9184820573217627,0.7668688088828848,0.69518519923402,0.9797979797979798,3,23,20,0.5714016950663199,0.631138036440374,0.9595959595959596,5,3,2,0.476622427197786,Stable,0.7362983469229851,2
37083,NC,Halifax County,47675,23965.0,17.675777175046946,0.9181628598525663,0.9535564502490973,0.9019706066623787,0.14727444753643212,0.9181628598525663,0.9535564502490973,0.766507127913205,0.7558890507942457,0.9696969696969697,4,7,3,0.5484963937305765,0.5573447913297092,0.8787878787878788,13,6,7,0.2865823629158986,Highly Volatile,0.7153274199795585,2
37153,NC,Richmond County,42344,19873.0,-20.852412821416,0.9251205128205128,0.886786866934235,0.9093799355133046,0.12922588075874425,0.9251205128205128,0.886786866934235,0.7465712039886716,0.758071297754555,0.9595959595959596,5,5,0,0.5501015603862099,0.5405181489146406,0.8888888888888888,12,10,2,0.3438689530695934,Highly Volatile,0.724651852244413,2
37017,NC,Bladen County,29566,16764.0,-20.37103316630876,0.9334538759486124,0.8980098218774689,0.898744271296063,0.11422866420747718,0.9334538759486124,0.8980098218774689,0.7416208150527677,0.7522540312741106,0.9494949494949495,6,8,2,0.5452193840517933,0.5363583705340074,0.8686868686868687,14,12,2,0.3457447885577303,Highly Volatile,0.7114444197836883,2
37185,NC,Warren County,18795,10013.0,18.93538400079897,0.9254567293817295,0.8970349588749743,0.9143243105184297,0.0758596152520523,0.9254567293817295,0.8970349588749743,0.7414445659721176,0.7499710971241442,0.9393939393939394,7,9,2,0.5313547683535463,0.5242493257268576,0.8383838383838383,17,14,3,0.3825521961376349,Highly Volatile,0.7312284905434745,2
37007,NC,Anson County,22289,10875.0,-2.501149425287352,0.8919028829014126,0.8782407412504936,0.9136579762423346,0.08136273866973383,0.8919028829014126,0.8782407412504936,0.736573758230262,0.7406724007255379,0.9292929292929293,8,12,4,0.509318886882053,0.5059033514693232,0.7171717171717171,29,21,8,0.4218901772997449,Highly Volatile,0.7303241198845701,2
37163,NC,Sampson County,59470,28201.0,-29.71880429771993,0.8496713548749152,0.777826656676657,0.938723356892179,0.1643974111592969,0.8496713548749152,0.777826656676657,0.7355891576809459,0.7571425671404235,0.9191919191919192,9,6,-3,0.5279265634501933,0.5099653889006287,0.8080808080808081,20,20,0,0.3186839510685102,Highly Volatile,0.7693803442270921,2
37047,NC,Columbus County,50140,26402.0,-33.876221498371336,0.9049210907767543,0.8569449197860965,0.8818181409200988,0.1572944446179155,0.9049210907767543,0.8569449197860965,0.7294514353194614,0.7438442866166588,0.9090909090909091,10,11,1,0.5263569169773168,0.5143628742296523,0.7878787878787878,22,17,5,0.2747864949592363,Highly Volatile,0.6925342125147126,2
37117,NC,Martin County,21644,12040.0,-10.307308970099667,0.9324543928293932,0.9196697906668493,0.8674231186412986,0.08846447186104774,0.9324543928293932,0.9196697906668493,0.7273053908929137,0.7311407715416769,0.898989898989899,11,15,4,0.5335400788097409,0.5303439282691049,0.8484848484848485,16,13,3,0.3485843328832948,Highly Volatile,0.6780072169277325,2
37165,NC,Scotland County,33590,14626.0,-6.926022152331463,0.8829323408617531,0.7544620764856058,0.957101825176064,0.10309027910759493,0.8829323408617531,0.7544620764856058,0.7255075913552327,0.7640486706680769,0.8888888888888888,12,3,-9,0.5698338256379302,0.5377162595438933,0.9292929292929293,8,11,-3,0.5605576150244359,Highly Volatile,0.8083918753098142,2
37091,NC,Hertford County,19908,9843.0,26.71949608859088,0.8943721767654429,0.8685204196989796,0.8953267176229827,0.07474669274798984,0.8943721767654429,0.8685204196989796,0.7231688232707831,0.7309243503907221,0.8787878787878788,13,16,3,0.5050438939292995,0.49858095466268365,0.7070707070707071,30,26,4,0.275713772354329,Highly Volatile,0.7074373677776608,2
37061,NC,Duplin County,49335,22898.0,-28.910821905843303,0.8277162897782621,0.7524994127819202,0.9375151936786242,0.14272733786168268,0.8277162897782621,0.7524994127819202,0.7230528882462247,0.7456179513451273,0.8686868686868687,14,10,-4,0.5195964302435373,0.5007922109944519,0.7777777777777778,23,24,-1,0.2650097327494576,Highly Volatile,0.7672033598580322,2
37187,NC,Washington County,10812,5944.0,6.224764468371475,0.9457187617937617,0.9609299976167623,0.8441592681327666,0.045896343411846584,0.9457187617937617,0.9609299976167623,0.7195379020337813,0.7149745312868812,0.8585858585858586,15,19,4,0.5160487973444069,0.519851606300157,0.7474747474747474,26,16,10,0.3194324488021893,Highly Volatile,0.6567348673964677,2
37155,NC,Robeson County,116902,46770.0,-27.622407526192013,0.8169865627062995,0.6774396546006455,0.9353296985494447,0.227450942630769,0.8169865627062995,0.6774396546006455,0.7163869341810698,0.758251006612766,0.8484848484848485,16,4,-12,0.49702728442720756,0.46214055740079407,0.6868686868686869,32,41,-9,0.4372910093984331,Highly Volatile,0.7633580739243464,2
37065,NC,Edgecombe County,48736,24448.0,22.68079188481675,0.9006772764816886,0.8432449134199136,0.8584763873748293,0.14929946812072045,0.9006772764816886,0.8432449134199136,0.7120715613375328,0.7293012702560653,0.8383838383838383,17,17,0,0.5265030772757799,0.5121449865103361,0.797979797979798,21,19,2,0.2662444749695931,Highly Volatile,0.6695442213805073,2
37079,NC,Greene County,20486,8450.0,-18.082840236686398,0.8456019314225506,0.7503703585630053,0.9372415314221374,0.06523884900559736,0.8456019314225506,0.7503703585630053,0.7067796430810898,0.7353491149389533,0.8282828282828283,18,13,-5,0.5144731096060593,0.490665216391173,0.7373737373737373,27,27,0,0.2852712538602742,Highly Volatile,0.7667154246251044,2
37095,NC,Hyde County,4592,2421.0,-22.05700123915738,0.8905753804846682,0.8378069364587941,0.8878587730638378,0.009506619617968197,0.8905753804846682,0.8378069364587941,0.6971727913931507,0.713003324600913,0.8181818181818181,19,20,1,0.49694023238501517,0.4837481213785466,0.6767676767676767,33,32,1,0.2642209199225319,Highly Volatile,0.6990266932763247,2
37177,NC,Tyrrell County,3423,1757.0,-21.457029026750146,0.8675472325919701,0.8905065027335921,0.850253809025628,0.0,0.8675472325919701,0.8905065027335921,0.6922788553328916,0.685391074290405,0.8080808080808081,20,25,5,0.4802331556910292,0.48597297322643473,0.6262626262626263,38,28,10,0.2328110805016397,Volatile,0.6620869643047076,2
37131,NC,Northampton County,16931,9215.0,14.476397178513295,0.8936838050838052,0.9104933246066231,0.8072965444314242,0.07054970348102511,0.8936838050838052,0.9104933246066231,0.6909062102939041,0.6858633544370587,0.797979797979798,21,24,3,0.48154129591752826,0.48574367579823274,0.6363636363636364,37,29,8,0.3147830071666554,Highly Volatile,0.6268389022897435,2
37181,NC,Vance County,42322,20092.0,13.328688035038816,0.7847759359147904,0.6495321242483008,0.9265565151982031,0.13023644456987385,0.7847759359147904,0.6495321242483008,0.6841851837875665,0.7247583272875135,0.7878787878787878,22,18,-4,0.5172407346896414,0.48342978177301893,0.7676767676767677,24,33,-9,0.3588878678090493,Highly Volatile,0.7489842470929162,2
37033,NC,Caswell County,22404,12040.0,-24.518272425249165,0.8723274196533786,0.8117998815426061,0.8423389390801616,0.08846447186104774,0.8723274196533786,0.8117998815426061,0.6824023283750722,0.7005605898083038,0.7777777777777778,23,21,-2,0.4855664829496874,0.4704345984219943,0.6565656565656566,35,38,-3,0.3115761817282047,Highly Volatile,0.6551628873939395,2
37063,NC,Durham County,332353,180912.0,61.68579198726452,0.6196229674522244,0.45457557297363793,0.8906389885993367,0.5002057948509444,0.6196229674522244,0.45457557297363793,0.6817333251619485,0.7312475435055245,0.7676767676767677,24,14,-10,0.5881810662439971,0.5469192176243505,0.9696969696969697,4,9,-5,0.1021451123254898,Stable,0.8756256095291666,4
37081,NC,Guilford County,547940,285053.0,21.76472445475052,0.501910888329077,0.4884209125240089,0.807847888587194,0.6418395877518143,0.501910888329077,0.4884209125240089,0.6788181356011624,0.682865128342683,0.7575757575757576,25,26,1,0.5712172022999976,0.5678447083487306,0.9494949494949495,6,5,1,0.2444834947886655,Moderate,0.8391375458741316,0
37015,NC,Bertie County,17170,9186.0,15.665142608316998,0.8722171513553226,0.8343904789654794,0.8051205556568285,0.07035249057822218,0.8722171513553226,0.8343904789654794,0.6669479196337025,0.6782959213506554,0.7474747474747474,26,27,1,0.5611301188241485,0.5516734507266877,0.9191919191919192,9,8,1,0.4399072776481281,Highly Volatile,0.6251803557859952,2
37195,NC,Wilson County,79290,40045.0,0.3970533150205995,0.3742935146412264,0.49607031564067183,0.940093672103933,0.20638022638668124,0.3742935146412264,0.49607031564067183,0.6601439760215042,0.6236109357216706,0.7373737373737373,27,33,6,0.4922402793914045,0.522684479641266,0.6666666666666667,34,15,19,0.4000975948912644,Moderate,0.7718960450829248,2
37135,NC,Orange County,149678,87807.0,50.83649367362512,0.5279105432493204,0.5359242811368196,0.8191162380834749,0.3318944886826061,0.5279105432493204,0.5359242811368196,0.6367143011193045,0.6343101797530548,0.7272727272727273,28,32,4,0.5021774051189686,0.5041808395908434,0.696969696969697,31,23,8,0.084856766208244,Very Stable,0.7200505891873424,4
37123,NC,Montgomery County,26007,13206.0,-37.77828259881871,0.6200459075926079,0.56601805984693,0.8875290510028409,0.09523583428401096,0.6200459075926079,0.56601805984693,0.6326171103123016,0.648825464636005,0.7171717171717171,29,30,1,0.4373487754489435,0.42384181351252403,0.505050505050505,50,48,2,0.2530206326390625,Highly Volatile,0.698665492330237,2
37067,NC,Forsyth County,389977,204726.0,13.116555786758887,0.47317995694237097,0.38411265812790574,0.7858774173332819,0.5355980025840952,0.47317995694237097,0.38411265812790574,0.6152921066218316,0.6420122962661712,0.7070707070707071,30,31,1,0.5361091205237042,0.5138422958200879,0.8585858585858586,15,18,-3,0.2508676053129077,Stable,0.7831142916881577,0
37147,NC,Pitt County,177193,87130.0,5.958911970618608,0.42088989811757,0.5542017103811223,0.7629018425218886,0.3304013279853636,0.42088989811757,0.5542017103811223,0.6137916999723537,0.5737981562932881,0.696969696969697,31,44,13,0.4481567020255901,0.4814846550914782,0.5252525252525253,48,34,14,0.2681188899388137,Moderate,0.7434314382383861,0
37041,NC,Chowan County,13836,7552.0,-22.40466101694914,0.8432391552581562,0.6528540401294911,0.7978496787324314,0.058687688001786045,0.8432391552581562,0.6528540401294911,0.6065185890054202,0.6636341235440197,0.6868686868686869,32,28,-4,0.513533510474159,0.4659372316919927,0.7272727272727273,28,39,-11,0.3652350148657928,Highly Volatile,0.6197062656975048,2
37051,NC,Cumberland County,338545,140513.0,13.373139851828654,0.4082307153647157,0.34179211659513525,0.8052707536702254,0.43434129431042057,0.4082307153647157,0.34179211659513525,0.5920412706757374,0.6119728503066115,0.6767676767676767,33,38,5,0.47988128527283164,0.4632716355804365,0.6161616161616161,39,40,-1,0.2395209171558681,Stable,0.8309722660718769,0
37025,NC,Cabarrus County,236133,120202.0,-7.697043310427453,0.8745916241395338,0.5108704115457987,0.7076462978004796,0.39761843983776685,0.8745916241395338,0.5108704115457987,0.5866079603315328,0.6957243241096533,0.6666666666666667,34,22,-12,0.6724346577634398,0.5815043546150059,0.9797979797979798,3,4,-1,0.5703638885942164,Highly Volatile,0.8015914873769268,1
37179,NC,Union County,250958,139355.0,-25.1896236231208,0.8356985774631286,0.5701572227566034,0.6347530267818335,0.43232204114580114,0.8356985774631286,0.5701572227566034,0.574888088447058,0.6545504948590155,0.6565656565656566,35,29,-6,0.5711374358157262,0.5047520971390949,0.9393939393939394,7,22,-15,0.2492663205901964,Volatile,0.6921149009749805,1
37101,NC,Johnston County,234263,124678.0,-21.46489356582557,0.7137005651912426,0.4867097353626767,0.6395178665266614,0.4059627312818208,0.7137005651912426,0.4867097353626767,0.5469644001284979,0.6150616490770677,0.6464646464646464,36,36,0,0.5563204825380821,0.4995727750809407,0.898989898989899,11,25,-14,0.2864299007628021,Highly Volatile,0.6972009825119965,1
37157,NC,Rockingham County,92131,49595.0,-35.83224115334207,0.6335605745865478,0.38104920634920614,0.7707764721306867,0.23584676737034765,0.6335605745865478,0.38104920634920614,0.5468723514441747,0.6226257619153772,0.6363636363636364,37,34,-3,0.4684015915930944,0.405273749533759,0.595959595959596,41,56,-15,0.1910368562167209,Volatile,0.600090174832823,2
37127,NC,Nash County,96216,52471.0,-1.7590669131520258,0.23263700669331397,0.37156406730524394,0.7633758805138673,0.2441519532291044,0.23263700669331397,0.37156406730524394,0.5419875510943277,0.5003094329107487,0.6262626262626263,38,49,11,0.44939642641225364,0.4841281915652361,0.5353535353535354,47,31,16,0.481120356617521,Very Stable,0.7441388003732877,0
37191,NC,Wayne County,118652,54762.0,-16.365362842847226,0.21256838851670806,0.32221000633353597,0.7818770957474219,0.2506061700381638,0.21256838851670806,0.32221000633353597,0.5377227837814046,0.5048302984363562,0.6161616161616161,39,48,9,0.42877154932591927,0.4561819537801262,0.4949494949494949,51,43,8,0.4531867938471497,Moderate,0.7752479407724092,0
37093,NC,Hoke County,53835,22767.0,5.925242675802693,0.25544191360347296,0.3491415465253699,0.8068110064509287,0.14216183095046414,0.25544191360347296,0.3491415465253699,0.5365803333731681,0.5084704434965991,0.6060606060606061,40,47,7,0.4521311321954309,0.47555604042590516,0.5555555555555556,45,36,9,0.44281643086661,Moderate,0.8357807624856225,0
37001,NC,Alamance County,176893,89831.0,-8.14084224822166,0.2155359512035469,0.281904932039065,0.7641069335113188,0.3363245274240694,0.2155359512035469,0.281904932039065,0.5338898518521927,0.5139791576015373,0.595959595959596,41,46,5,0.4643781858297262,0.4809704310386057,0.5757575757575757,43,35,8,0.3987654249494785,Stable,0.7452370405469153,0
37133,NC,Onslow County,207906,81681.0,-35.8418726509225,0.6408638164480689,0.3751345483120256,0.7140693086193093,0.3181655686445109,0.6408638164480689,0.3751345483120256,0.5332081325321645,0.6129269129729775,0.5858585858585859,42,37,-5,0.48361582525766617,0.41718350822365535,0.6464646464646464,36,50,-14,0.2444438363433112,Highly Volatile,0.684562184452058,0
37139,NC,Pasquotank County,40834,20343.0,-4.856707466941941,0.611021302982502,0.450587281105548,0.7423484278038679,0.13138792084734674,0.611021302982502,0.450587281105548,0.5326279824030677,0.5807581889661539,0.5757575757575757,43,42,-1,0.46747757565902903,0.42736907018979053,0.5858585858585859,42,47,-5,0.4573397533093634,Volatile,0.7157888200708779,0
37077,NC,Granville County,60877,32104.0,-9.4006977323698,0.6544305448948562,0.41253671524553914,0.7423419265030259,0.179066649028745,0.6544305448948562,0.41253671524553914,0.5307453076309236,0.6033134565257188,0.5656565656565656,44,39,-5,0.4693277504279203,0.40885429301559106,0.6060606060606061,40,53,-13,0.3136590696181626,Volatile,0.7157808684515622,0
37037,NC,Chatham County,80151,52301.0,12.441444714250204,0.5062979740648064,0.6543466548587294,0.5710284238743526,0.2436674637476841,0.5062979740648064,0.6543466548587294,0.5305517011443319,0.48613709690615503,0.5555555555555556,45,50,5,0.5160866830540393,0.5530988532525201,0.7575757575757576,25,7,18,0.3948371423871845,Very Stable,0.6349071105901171,1
37085,NC,Harnett County,139150,63757.0,-25.045093087817804,0.1751407908617195,0.32980304254568965,0.7512009553101706,0.2747262340689581,0.1751407908617195,0.32980304254568965,0.5294866372325838,0.4830879617273928,0.5454545454545454,46,51,5,0.37355309988032814,0.4122186628013207,0.41414141414141414,59,52,7,0.1935137616290994,Stable,0.7270386879878855,0
37097,NC,Iredell County,196544,110875.0,-32.5249154453213,0.4698120156310386,0.6237556257897591,0.5318054779736732,0.37971609083607705,0.4698120156310386,0.6237556257897591,0.5289726448909797,0.4827895618433635,0.5353535353535354,47,52,5,0.44645230793773183,0.4849382104774119,0.5151515151515151,49,30,19,0.2026281473738521,Stable,0.6055594136678563,1
37173,NC,Swain County,14013,7052.0,-23.652864435621098,0.7280306521001164,0.49557124122008017,0.7363973477553405,0.0548703935603788,0.7280306521001164,0.49557124122008017,0.52784412495577,0.597581948219781,0.5252525252525253,48,40,-8,0.45050786525177405,0.392393012531765,0.5454545454545454,46,57,-11,0.2305417878380345,Volatile,0.576385017966446,2
37145,NC,Person County,39542,22036.0,-23.661281539299324,0.7452622264789145,0.5697677404037311,0.6483048491027491,0.1389759012554227,0.7452622264789145,0.5697677404037311,0.5228779269235784,0.5755262727461334,0.5151515151515151,49,43,-6,0.4593659890458721,0.4154923675270763,0.5656565656565656,44,51,-7,0.2627357044194042,Volatile,0.6276107720113847,0
37069,NC,Franklin County,74386,42667.0,-13.525675580659524,0.29927498283539655,0.515253484467029,0.6457010601885587,0.21479148344552473,0.29927498283539655,0.515253484467029,0.5203848721234929,0.45559132163400323,0.505050505050505,50,58,8,0.36904389999811316,0.42303852540602127,0.3939393939393939,61,49,12,0.1989823438229398,Very Stable,0.704050531058068,1
37071,NC,Gaston County,234881,119256.0,-24.959750452807405,0.6289302951769365,0.283337631563483,0.6965005337858327,0.39583509547313306,0.6289302951769365,0.283337631563483,0.5124185754565879,0.6160963745406238,0.4949494949494949,51,35,-16,0.5589506837013641,0.4725525177980008,0.9090909090909091,10,37,-27,0.2968320770055158,Volatile,0.667725855390432,0
37129,NC,New Hanover County,235229,138734.0,0.6234953219830714,0.7693996492070019,0.4826254475830325,0.5595480332266597,0.43123572090594087,0.7693996492070019,0.4826254475830325,0.5108087950694278,0.5968410555566186,0.48484848484848486,52,41,-11,0.530228739478538,0.45853518907254565,0.8181818181818181,19,42,-23,0.3139480101214756,Volatile,0.5650505132405951,0
37045,NC,Cleveland County,100991,51706.0,-34.910842068618734,0.3161227640715483,0.4788491608065139,0.6168956569991229,0.24196551936785662,0.3161227640715483,0.4788491608065139,0.5004956806150869,0.45167776159459727,0.4747474747474747,53,59,6,0.36568732373432644,0.4063689229180678,0.38383838383838387,62,54,8,0.1892692182086219,Moderate,0.6044328809394139,0
37049,NC,Craven County,102612,56173.0,-20.411941680166628,0.21801135699900365,0.25539615408671146,0.7278800024489196,0.2545142137104223,0.21801135699900365,0.25539615408671146,0.4914616901925577,0.48024625106624536,0.46464646464646464,54,53,-1,0.42706693338993734,0.43641313266186427,0.48484848484848486,52,45,7,0.3314863484668127,Moderate,0.6990499774539916,0
37105,NC,Lee County,65816,30081.0,-17.43293108606761,0.20617211766988103,0.2534642461511657,0.7591958904488073,0.17158205161778672,0.20617211766988103,0.2534642461511657,0.4899536293933107,0.47576599084892535,0.4545454545454546,55,54,-1,0.34877234495513,0.3605953770754512,0.3434343434343434,66,60,6,0.2151158537017996,Moderate,0.738025342518255,0
37159,NC,Rowan County,149875,75394.0,-35.83706926280607,0.15538227983577774,0.26353135872555383,0.6600846331709695,0.30352914897556266,0.15538227983577774,0.26353135872555383,0.46980755399826346,0.4373628303313306,0.4444444444444444,56,61,5,0.365181028903853,0.39221829862629704,0.3737373737373737,63,58,5,0.1290032346634665,Very Stable,0.6367969642491667,0
37035,NC,Catawba County,163573,87109.0,-37.8927550540128,0.16566482898758492,0.20914267546179321,0.6436891519910364,0.33035491873899114,0.16566482898758492,0.20914267546179321,0.4506583623818544,0.4376150084395919,0.43434343434343436,57,60,3,0.36347758371216615,0.3743470453307183,0.36363636363636365,64,59,5,0.1246107671116814,Very Stable,0.6240945793881751,0
37103,NC,Jones County,9302,5463.0,-25.66355482335713,0.7628851130379766,0.7190519064183152,0.4472422195206429,0.04174093369551488,0.7628851130379766,0.7190519064183152,0.44768486842491895,0.4608348304108174,0.4242424242424242,58,56,-2,0.3614372838479486,0.3504789821930333,0.3535353535353535,65,63,2,0.240774795363008,Highly Volatile,0.6594246793183299,3
37125,NC,Moore County,104876,61790.0,-29.423854992717278,0.3576229859597896,0.49815166255313303,0.4457233796132801,0.26960502598215763,0.3576229859597896,0.49815166255313303,0.42622819376901155,0.3840695907910085,0.41414141414141414,59,64,5,0.40045188529214826,0.43558405444048415,0.4545454545454546,55,46,9,0.384119749815325,Stable,0.546925608944005,1
37013,NC,Beaufort County,44499,26572.0,-31.036429324100556,0.8046499397998891,0.6347255482563535,0.40272675084419285,0.1579758036265662,0.8046499397998891,0.6347255482563535,0.4233762006243157,0.47435351808737636,0.4040404040404041,60,55,-5,0.3979079386087427,0.35542684072285885,0.4444444444444444,56,61,-5,0.223286246189029,Volatile,0.6233668475144862,3
37021,NC,Buncombe County,274360,160510.0,24.700018690424272,0.7475470210903645,0.3968237787754041,0.4107794034880007,0.4679818278761623,0.7475470210903645,0.3968237787754041,0.41803320095185403,0.5232501736463422,0.3939393939393939,61,45,-16,0.530989962956431,0.44330915237769086,0.8282828282828283,18,44,-26,0.3106330559176604,Highly Volatile,0.4598401687854813,0
37019,NC,Brunswick County,152568,109378.0,-24.77737753478761,0.397107710797983,0.5297744401023813,0.330729992136811,0.3767735581385181,0.397107710797983,0.5297744401023813,0.3996520397268235,0.359852020935504,0.38383838383838387,62,72,10,0.37302503461312914,0.4061917169392287,0.4040404040404041,60,55,5,0.2054975181614005,Stable,0.4651954224008046,1
37171,NC,Surry County,71425,37508.0,-53.1939852831396,0.17782624457028923,0.1946645072248014,0.5446750583536951,0.19797523660526936,0.17782624457028923,0.1946645072248014,0.3703319286653418,0.36528044986898817,0.3737373737373737,63,69,6,0.29979130032381085,0.3040008659874388,0.2727272727272727,73,70,3,0.0957515184817212,Stable,0.4373478929276882,2
37073,NC,Gates County,10376,5868.0,-21.642808452624408,0.7053600171672153,0.6013620775079751,0.3550013961786492,0.04525126571596448,0.7053600171672153,0.6013620775079751,0.36695957448491,0.39815895638268206,0.36363636363636365,64,63,-1,0.3071709781682951,0.281171493253485,0.29292929292929293,71,75,-4,0.3081889709066058,Highly Volatile,0.589086921052516,3
37151,NC,Randolph County,146348,76008.0,-57.10714661614567,0.16055317056440593,0.14285646853146855,0.5246674955024885,0.3049848137189503,0.16055317056440593,0.14285646853146855,0.36618765105447487,0.3714966616643561,0.3535353535353535,65,67,2,0.3246582745689245,0.32023409906069017,0.303030303030303,70,67,3,0.0659043036751875,Very Stable,0.5417694164780565,0
37057,NC,Davidson County,172954,93452.0,-46.87861147969011,0.08519877199917088,0.09323223165723167,0.5357426106583507,0.3441272565379516,0.08519877199917088,0.09323223165723167,0.3646664261339352,0.36225638823651696,0.3434343434343434,66,70,4,0.3284950673492554,0.3305034322637706,0.31313131313131315,69,65,4,0.103878046620495,Very Stable,0.5491615498807342,0
37029,NC,Camden County,10927,6304.0,-50.66624365482233,0.3397108720349452,0.5152304374160409,0.398120079200485,0.048897403784166925,0.3397108720349452,0.5152304374160409,0.3634086515818882,0.3107527819675594,0.33333333333333337,67,75,8,0.25548887008260796,0.2993687614278819,0.2222222222222222,78,71,7,0.1316726255262197,Moderate,0.5147669081487816,1
37141,NC,Pender County,65550,38909.0,-34.907090904418,0.5978476174794538,0.28190288176735545,0.4728078808990004,0.2026506422629452,0.5978476174794538,0.28190288176735545,0.3615049334322959,0.4562883541459254,0.3232323232323232,68,57,-11,0.37618249617591465,0.29719631224789006,0.4242424242424242,58,72,-14,0.1841192654244146,Volatile,0.5650013146950544,1
37167,NC,Stanly County,64651,36714.0,-50.76265184943074,0.13576978599069411,0.22833347146489577,0.5022378141395607,0.1952866855110927,0.13576978599069411,0.22833347146489577,0.3586762856114676,0.3309071799692071,0.31313131313131315,69,73,4,0.2877223639035597,0.31086328527211016,0.23232323232323238,77,69,8,0.083333498642344,Very Stable,0.5266909723900398,0
37099,NC,Jackson County,43771,21942.0,-9.34281287029441,0.29470735871036097,0.34223445882462905,0.4075011779165325,0.13856240815273863,0.29470735871036097,0.34223445882462905,0.3341334082362027,0.3198752782019223,0.303030303030303,70,74,4,0.3430000218401183,0.3548817968686853,0.33333333333333337,67,62,5,0.4087715141718077,Moderate,0.4571410780716111,0
37143,NC,Perquimans County,13244,7666.0,-39.25123923819463,0.6252528669522803,0.4322568830378428,0.33873456058838486,0.059540173526646374,0.6252528669522803,0.4322568830378428,0.31095237991087454,0.3688511750852058,0.29292929292929293,71,68,-3,0.2921045947773811,0.2438555987987717,0.26262626262626265,74,80,-6,0.2478003539948823,Highly Volatile,0.5779679893797289,3
37189,NC,Watauga County,55123,33095.0,5.955582414261976,0.7289245483517691,0.42047457264957255,0.29255790403935267,0.18264698379366445,0.7289245483517691,0.42047457264957255,0.308950720573281,0.40148571328394,0.2828282828282829,72,62,-10,0.3899690187541318,0.31285652482858267,0.43434343434343436,57,68,-11,0.3043267113822077,Highly Volatile,0.3176658800600431,0
37137,NC,Pamlico County,12390,7976.0,-32.00852557673018,0.7008515606347525,0.3977816960816959,0.31658402780592715,0.061826797666201645,0.7008515606347525,0.3977816960816959,0.28999188226071265,0.38091284162662964,0.2727272727272727,73,65,-8,0.3349635795311785,0.2591961133929143,0.3232323232323232,68,76,-8,0.2068409606907314,Volatile,0.56306730121887,3
37109,NC,Lincoln County,92716,55582.0,-45.59209816127524,0.2484863394691464,0.2722059939372633,0.30511897663683407,0.25288336594390276,0.2484863394691464,0.2722059939372633,0.28479795968837657,0.27768206334794154,0.26262626262626265,74,76,2,0.2884140050083238,0.2943439186253531,0.24242424242424243,76,73,3,0.1014708413568028,Very Stable,0.443719769134422,1
37055,NC,Dare County,37875,25196.0,-18.725194475313536,0.7574131304733417,0.4438701945113708,0.232479730003646,0.15239644843851813,0.7574131304733417,0.4438701945113708,0.27988021304293786,0.3739430938315291,0.2525252525252525,75,66,-9,0.4079157544124092,0.3295300204219164,0.4747474747474747,53,66,-13,0.3848212187621462,Volatile,0.3635830249384869,1
37089,NC,Henderson County,118484,69974.0,-14.485380284105531,0.4721786365476442,0.18926844162029924,0.3222794313056352,0.2904132431284374,0.4721786365476442,0.18926844162029924,0.27600289676459483,0.36087595524279836,0.24242424242424243,76,71,-5,0.40509426152645944,0.33436671279462327,0.46464646464646464,54,64,-10,0.358554372997694,Highly Volatile,0.4583346572145899,1
37053,NC,Currituck County,30601,18053.0,-47.80922838309422,0.29190765112188766,0.29072606233635645,0.2745943631840592,0.12060233451734632,0.29190765112188766,0.29072606233635645,0.24863546719640583,0.24898994383206519,0.23232323232323238,77,77,0,0.2539941325934834,0.25369873539710064,0.21212121212121215,79,79,0,0.1292079831958111,Moderate,0.4146789992144542,1
37031,NC,Carteret County,69148,45817.0,-42.98622781936837,0.22609582296416414,0.20943765532712916,0.2517977416526195,0.22456171638266426,0.22609582296416414,0.20943765532712916,0.23364251070098133,0.23863996099209184,0.2222222222222222,78,78,0,0.2891427083551001,0.28497816644584134,0.2525252525252525,75,74,1,0.2061043007269569,Stable,0.3892020570686327,1
37161,NC,Rutherford County,64930,34670.0,-47.71271993077589,0.22302020552318286,0.36385073815073804,0.1713250349056255,0.18822866558141094,0.22302020552318286,0.36385073815073804,0.23246347201431636,0.1902143122260498,0.21212121212121215,79,82,3,0.22217229090381543,0.2573799240607042,0.1717171717171717,83,78,5,0.1191323500811266,Stable,0.4602863566572978,3
37059,NC,Davie County,44122,26850.0,-46.21973929236499,0.10471764720771018,0.10397739932925694,0.2926332506482696,0.15908534652995474,0.10471764720771018,0.10397739932925694,0.20932691442890283,0.20954898879243883,0.202020202020202,80,81,1,0.22246715348572038,0.2222820915161071,0.18181818181818177,82,83,-1,0.1085191160967214,Very Stable,0.4323882035791233,1
37023,NC,Burke County,87795,45847.0,-41.13246232032631,0.16359416357592257,0.1251873587197117,0.2517505293806891,0.2246531234475032,0.16359416357592257,0.1251873587197117,0.2083620969957587,0.21988413845262197,0.19191919191919193,81,80,-1,0.2324086557159439,0.22280695450189117,0.19191919191919193,81,82,-1,0.1249621402467617,Very Stable,0.5195519541857675,3
37193,NC,Wilkes County,65935,36320.0,-59.52092511013216,0.1178776737663543,0.41159773837273844,0.08435713719787656,0.1939417756940465,0.1178776737663543,0.41159773837273844,0.20444624524956911,0.11633022586765387,0.18181818181818177,82,86,4,0.1612584029583146,0.23468841910991062,0.12121212121212122,88,81,7,0.1035142384859849,Moderate,0.3709645019996049,3
37075,NC,Graham County,8072,4779.0,-63.69533375183092,0.21113148209972607,0.5065137395714021,0.06338945654178493,0.03550266393482508,0.21113148209972607,0.5065137395714021,0.19074938292927812,0.1021347056877753,0.1717171717171717,83,89,6,0.142106528904993,0.215952093272912,0.02020202020202022,98,84,14,0.0752649669018917,Stable,0.3384024960576193,3
37149,NC,Polk County,19891,13068.0,-25.099479644934192,0.38474130211666685,0.40210384919518066,0.07921215082099543,0.0944504623238638,0.38474130211666685,0.40210384919518066,0.17912732263382466,0.17391855851027052,0.16161616161616166,84,83,-1,0.25306963527131676,0.25741027204094524,0.202020202020202,80,77,3,0.2244348825328436,Very Stable,0.3636786946957146,3
37005,NC,Alleghany County,11174,6496.0,-51.831896551724135,0.23017833474501448,0.39925700959687027,0.08608061963579075,0.050462951702128014,0.23017833474501448,0.39925700959687027,0.17291000303738205,0.12218640058182532,0.1515151515151515,85,85,0,0.1569605346720775,0.19923020338504144,0.09090909090909094,91,87,4,0.114744809407534,Moderate,0.3733217889145887,3
37197,NC,Yadkin County,37574,20397.0,-62.26405843996666,0.17600795985289455,0.28887150875440354,0.09757760763900276,0.13163471862710235,0.17600795985289455,0.28887150875440354,0.16177720017124292,0.12791813550079023,0.14141414141414144,86,84,-2,0.17629549288267019,0.20451138010804742,0.1515151515151515,85,86,-1,0.0479947853691582,Very Stable,0.3881206852224744,3
37027,NC,Caldwell County,80536,43540.0,-52.51033532384015,0.09068167118876783,0.16514569290358755,0.09014293207968001,0.21753436119006622,0.09068167118876783,0.16514569290358755,0.1381220461489295,0.11578283963448359,0.13131313131313127,87,87,0,0.17148105079486342,0.19009705622356834,0.14141414141414144,86,92,-6,0.0913853148330168,Very Stable,0.3787266117338658,3
37111,NC,McDowell County,44817,23655.0,-49.07630522088354,0.07179004579422944,0.1831518461930227,0.09390467266795005,0.14596397717088277,0.07179004579422944,0.1831518461930227,0.13109068562605838,0.0976821455064204,0.12121212121212122,88,90,2,0.15892781847174905,0.18676826857144738,0.101010101010101,90,94,-4,0.1011922506291932,Stable,0.38355551016677,3
37011,NC,Avery County,17680,9489.0,-52.28158920855728,0.11357017799865439,0.23975736672168566,0.08291499691077919,0.07239792010559204,0.11357017799865439,0.23975736672168566,0.1278642924930137,0.09000813587610432,0.11111111111111116,89,94,5,0.15900952450270303,0.19055632168346084,0.11111111111111116,89,91,-2,0.0981712617036498,Stable,0.3689608672381475,3
37043,NC,Clay County,11610,7728.0,-49.97412008281573,0.14469659297929807,0.30933660342925057,0.03852923237742361,0.060001145726063125,0.14469659297929807,0.30933660342925057,0.1240658263626996,0.07467382322771385,0.101010101010101,90,98,8,0.15557295908632054,0.19673296169880866,0.08080808080808077,92,88,4,0.1150377945602154,Very Stable,0.2840857524116068,3
37003,NC,Alexander County,36412,20677.0,-59.699182666731154,0.11981145516036307,0.15513348987613687,0.09828257223459069,0.13290920430748324,0.11981145516036307,0.15513348987613687,0.12226317394163305,0.11166656352690091,0.09090909090909094,91,88,-3,0.15419098280933963,0.16302149148828307,0.07070707070707072,93,98,-5,0.0906582653466732,Stable,0.3889809651513162,3
37115,NC,Madison County,21867,13621.0,-23.383011526319656,0.1405356367685642,0.29176008158508165,0.028315922003184207,0.09757323374667692,0.1405356367685642,0.29176008158508165,0.12120063222645197,0.07583329878149675,0.08080808080808077,92,97,5,0.15381779015351438,0.19162390135764373,0.06060606060606055,94,89,5,0.158854916671067,Very Stable,0.2514837733788834,3
37169,NC,Stokes County,45139,27175.0,-59.495860165593385,0.13771710312836613,0.21867220668907977,0.04632552270382616,0.1603752162369325,0.13771710312836613,0.21867220668907977,0.12083946660602352,0.09655293553780941,0.07070707070707072,93,91,-2,0.15249210764852386,0.17273088353870228,0.04040404040404044,96,96,0,0.092455524094702,Moderate,0.3039116127571775,3
37113,NC,Macon County,37941,21934.0,-37.86814990425823,0.09022256060962477,0.18214269619269619,0.0742296014152254,0.13852717638936982,0.09022256060962477,0.18214269619269619,0.11946304484329552,0.0918870041683741,0.06060606060606055,94,92,-2,0.16774478894818703,0.1907248228439549,0.13131313131313127,87,90,-3,0.1367955946817191,Stable,0.3562298398673408,3
37175,NC,Transylvania County,33691,20780.0,-12.127045235803664,0.5511364466318441,0.18888911023616908,0.06504343622564936,0.1333758599587212,0.5511364466318441,0.18888911023616908,0.11586362317541965,0.22453782409412215,0.0505050505050505,95,79,-16,0.30622973495576417,0.2156679008568454,0.2828282828282829,72,85,-13,0.3044499078377893,Highly Volatile,0.3412869741948489,3
37199,NC,Yancey County,18797,11283.0,-34.33484002481609,0.1871829208850094,0.2501399999123683,0.029147005481132894,0.08389128664245206,0.1871829208850094,0.2501399999123683,0.10639376004276735,0.08750663633455968,0.04040404040404044,96,96,0,0.1490308510805248,0.1647701208373645,0.030303030303030276,97,97,0,0.1328078594409273,Very Stable,0.2545220455771773,3
37087,NC,Haywood County,62662,37851.0,-25.045573432670203,0.10823474811303846,0.1490379271141655,0.030810200185407526,0.19912785510761125,0.10823474811303846,0.1490379271141655,0.09994204924847566,0.08770109554813754,0.030303030303030276,97,95,-2,0.17723611018810143,0.1874369049383832,0.16161616161616166,84,93,-9,0.1707893420339306,Very Stable,0.2603631864162303,3
37121,NC,Mitchell County,14992,8842.0,-55.73399683329564,0.07629325536883294,0.22829839765497667,0.02865557234084212,0.0679889539232592,0.07629325536883294,0.22829839765497667,0.0964150962515659,0.050813553565722785,0.02020202020202022,98,100,2,0.13509399622682,0.17309528179835593,0.010101010101010055,99,95,4,0.0752535643316753,Very Stable,0.252735569270354,3
37039,NC,Cherokee County,29562,17824.0,-57.209380610412936,0.15358809575980867,0.16714397448956272,0.0427553477472663,0.11948704520789423,0.15358809575980867,0.16714397448956272,0.09541827526208081,0.0913515116431546,0.010101010101010055,99,93,-6,0.15347566142703473,0.15686463110947324,0.0505050505050505,95,99,-4,0.0877501522982539,Stable,0.2952489905517825,3
37009,NC,Ashe County,26950,16253.0,-44.28720851535101,0.04546879864374552,0.1344257533058617,0.029734383593772562,0.11163434742274772,0.04546879864374552,0.1344257533058617,0.07752178727319434,0.050834700874559484,0.0,100,99,-1,0.1314915821621069,0.15373082082763595,0.0,100,100,0,0.1272764215889955,Stable,0.2566201826972148,3
